{
  "addons": [
    {
      "name": "VR20 Aeon Nox Silvo (mod)",
      "type": "addon",
      "section": false,
      "plugin": "skin.aeon.nox.silvo", 
      "url": "https://raw.githubusercontent.com/fontsvr/nexus/master/repo/zips/skin.aeon.nox.silvo/skin.aeon.nox.silvo-20.0.1.zip",
      "repository": "repository.fontsvr",
      "repositoryxml": "https://raw.githubusercontent.com/fontsvr/nexus/master/repo/zips/addons.xml",
      "repositoryurl": "https://github.com/fontsvr/nexus/blob/master/repo/zips/repository.rebase/repository.rebase-1.0.zip?raw=true",
      "icon": "https://imgur.com/ioo2s5e.png",
      "adult": false,
      "description": "Skin VR20 - Mod skin.aeon.nox.silvo-20.0.1  + info: https://github.com/fontsvr/nexus/"
    },
    {
      "name": "Cristal Touch",
      "type": "addon",
      "section": false,
      "plugin": "skin.ctouch",
      "url": "https://raw.githubusercontent.com/fontsvr/nexus/master/repo/zips/skin.ctouch/skin.ctouch-9.3.4.3.zip",
      "repository": "repository.rebase",
      "repositoryxml": "https://raw.githubusercontent.com/fontsvr/nexus/master/repo/zips/addons.xml",
      "repositoryurl": "https://github.com/fontsvr/nexus/raw/master/repo/zips/repository.rebase/repository.rebase-1.0.zip?raw=true",
      "icon": "https://imgur.com/lWiTz59.png",
      "adult": false,
      "description": "Skin Wizard - Mod skin.ctouch-9.3.4.3  + info: https://github.com/fontsvr/nexus/"
    },
    {
      "name": "Example Section",
      "section": true,
      "url": "url.to.json",
      "description": "An Example Section."
    }
  ]
}