<?xml version="1.0" encoding="UTF-8"?>
<window>
    <coordinates>
        <left>635</left>
        <top>160</top>
    </coordinates>
    <controls>
        <control type="group">
            <control type="image">
                <description>Background Image</description>
                <posx>0</posx>
                <posy>0</posy>
                <width>650</width>
                <height>765</height><!-- 765 -->
                <texture border="2">Background/loguploader-dialog-bg.png</texture>
            </control>
            <control type="image">
                <description>Dialog Header image</description>
                <posx>0</posx>
                <posy>0</posy>
                <width>650</width>
                <height>50</height>
                <texture colordiffuse="FF992599" border="2">Background/loguploader-white.png</texture>
            </control>
            <control type="label" id="101">
                <description>header label</description>
                <posx>0</posx>
                <posy>0</posy>
                <width>650</width>
                <height>50</height>
                <font>font13</font>
                <label></label>
                <align>center</align>
                <aligny>center</aligny>
                <shadowcolor>FF000000</shadowcolor>
            </control>
            <control type="textbox" id="102">
                <left>20</left>
                <top>60</top>
                <width>610</width>
                <height>80</height><!-- 80 -->
                <font>font12</font>
                <align>left</align>
                <aligny>top</aligny>
                <label>[B]Primera ejecución del asistente, le gustaría habilitar alguna de las siguientes configuraciones?[/B]</label>
            </control>
        </control>
	    <!-- Scrollbar  -->
	    <control type="scrollbar" id="17">
	      <left>630</left>
	      <top>139</top>
	      <width>15</width>
	      <height>560</height><!-- 580 -->
	      <visible>true</visible>
	      <texturesliderbarfocus colordiffuse="99ffffff" border="4">scrollbar.png</texturesliderbarfocus>
	      <pulseonselect>True</pulseonselect>
	      <orientation>vertical</orientation>
	      <showonepage>False</showonepage>
	      <onleft>9000</onleft>
	    </control>
        <control type="grouplist" id="9000">
            <left>20</left>
            <top>140</top><!-- 140 -->
            <width>610</width>
            <height>570</height><!-- 580 -->
            <itemgap>-3</itemgap>
            <align>top</align><!-- top -->
            <pagecontrol>17</pagecontrol>
            <orientation>vertical</orientation>
            <onup>201</onup>
            <ondown>201</ondown>
            <onleft>201</onleft>
            <onright>17</onright>
            <control type="radiobutton" id="301">
                <width>610</width>
                <height>40</height>
                <textwidth>565</textwidth>
                <textoffsetx>10</textoffsetx>
                <radioheight>45</radioheight>
                <radioposx>530</radioposx>
                <label>Conservar mi Trakt</label>
                <font>font12</font>
                <texturefocus colordiffuse="FF992599">RadioButton/MenuItemFO.png</texturefocus><!-- 12B2E7 -->
                <texturenofocus>RadioButton/MenuItemNF.png</texturenofocus>
                <textureradioonfocus colordiffuse="FF992599">RadioButton/radiobutton-focus.png</textureradioonfocus><!-- 12B2E7 32cd32-->
                <textureradioonnofocus colordiffuse="FF992599">RadioButton/radiobutton-focus.png</textureradioonnofocus><!-- 12B2E7 -->
                <textureradioofffocus colordiffuse="FF992599">RadioButton/radiobutton-focus.png</textureradioofffocus><!-- 12B2E7 -->
                <textureradiooffnofocus>RadioButton/radiobutton-nofocus.png</textureradiooffnofocus>
            </control>
            <control type="radiobutton" id="302">
                <width>610</width>
                <height>40</height>
                <textwidth>565</textwidth>
                <textoffsetx>10</textoffsetx>
                <radioheight>45</radioheight>
                <radioposx>530</radioposx>
                <label>Conservar mi Real Debrid</label>
                <font>font12</font>
                <texturefocus colordiffuse="FF992599">RadioButton/MenuItemFO.png</texturefocus><!-- 12B2E7 -->
                <texturenofocus>RadioButton/MenuItemNF.png</texturenofocus>
                <textureradioonfocus colordiffuse="FF992599">RadioButton/radiobutton-focus.png</textureradioonfocus><!-- 12B2E7 -->
                <textureradioonnofocus colordiffuse="FF992599">RadioButton/radiobutton-focus.png</textureradioonnofocus><!-- 12B2E7 -->
                <textureradioofffocus colordiffuse="FF992599">RadioButton/radiobutton-focus.png</textureradioofffocus><!-- 12B2E7 -->
                <textureradiooffnofocus>RadioButton/radiobutton-nofocus.png</textureradiooffnofocus>
            </control>
            <control type="radiobutton" id="303">
                <width>610</width>
                <height>40</height>
                <textwidth>565</textwidth>
                <textoffsetx>10</textoffsetx>
                <radioheight>45</radioheight>
                <radioposx>530</radioposx>
                <label>Conservar mis datos de inicio de sesión</label>
                <font>font12</font>
                <texturefocus colordiffuse="FF992599">RadioButton/MenuItemFO.png</texturefocus><!-- 12B2E7 -->
                <texturenofocus>RadioButton/MenuItemNF.png</texturenofocus>
                <textureradioonfocus colordiffuse="FF992599">RadioButton/radiobutton-focus.png</textureradioonfocus><!-- 12B2E7 -->
                <textureradioonnofocus colordiffuse="FF992599">RadioButton/radiobutton-focus.png</textureradioonnofocus><!-- 12B2E7 -->
                <textureradioofffocus colordiffuse="FF992599">RadioButton/radiobutton-focus.png</textureradioofffocus><!-- 12B2E7 -->
                <textureradiooffnofocus>RadioButton/radiobutton-nofocus.png</textureradiooffnofocus>
            </control>
            <control type="radiobutton" id="304">
                <width>610</width>
                <height>40</height>
                <textwidth>565</textwidth>
                <textoffsetx>10</textoffsetx>
                <radioheight>45</radioheight>
                <radioposx>530</radioposx>
                <label>Conservar mi archivo .xml de mis fuentes</label>
                <font>font12</font>
                <texturefocus colordiffuse="FF992599">RadioButton/MenuItemFO.png</texturefocus><!-- 12B2E7 -->
                <texturenofocus>RadioButton/MenuItemNF.png</texturenofocus>
                <textureradioonfocus colordiffuse="FF992599">RadioButton/radiobutton-focus.png</textureradioonfocus><!-- 12B2E7 -->
                <textureradioonnofocus colordiffuse="FF992599">RadioButton/radiobutton-focus.png</textureradioonnofocus><!-- 12B2E7 -->
                <textureradioofffocus colordiffuse="FF992599">RadioButton/radiobutton-focus.png</textureradioofffocus><!-- 12B2E7 -->
                <textureradiooffnofocus>RadioButton/radiobutton-nofocus.png</textureradiooffnofocus>
            </control>
            <control type="radiobutton" id="305">
                <width>610</width>
                <height>40</height>
                <textwidth>565</textwidth>
                <textoffsetx>10</textoffsetx>
                <radioheight>45</radioheight>
                <radioposx>530</radioposx>
                <label>Conservar mi archivo .xml de mis Perfiles</label>
                <font>font12</font>
                <texturefocus colordiffuse="FF992599">RadioButton/MenuItemFO.png</texturefocus><!-- 12B2E7 -->
                <texturenofocus>RadioButton/MenuItemNF.png</texturenofocus>
                <textureradioonfocus colordiffuse="FF992599">RadioButton/radiobutton-focus.png</textureradioonfocus><!-- 12B2E7 -->
                <textureradioonnofocus colordiffuse="FF992599">RadioButton/radiobutton-focus.png</textureradioonnofocus><!-- 12B2E7 -->
                <textureradioofffocus colordiffuse="FF992599">RadioButton/radiobutton-focus.png</textureradioofffocus><!-- 12B2E7 -->
                <textureradiooffnofocus>RadioButton/radiobutton-nofocus.png</textureradiooffnofocus>
            </control>
            <control type="radiobutton" id="314">
                <width>610</width>
                <height>40</height>
                <textwidth>565</textwidth>
                <textoffsetx>10</textoffsetx>
                <radioheight>45</radioheight>
                <radioposx>530</radioposx>
                <label>Conservar mi archivo playercorefactory.xml</label>
                <font>font12</font>
                <texturefocus colordiffuse="FF992599">RadioButton/MenuItemFO.png</texturefocus><!-- 12B2E7 -->
                <texturenofocus>RadioButton/MenuItemNF.png</texturenofocus>
                <textureradioonfocus colordiffuse="FF992599">RadioButton/radiobutton-focus.png</textureradioonfocus><!-- 12B2E7 -->
                <textureradioonnofocus colordiffuse="FF992599">RadioButton/radiobutton-focus.png</textureradioonnofocus><!-- 12B2E7 -->
                <textureradioofffocus colordiffuse="FF992599">RadioButton/radiobutton-focus.png</textureradioofffocus><!-- 12B2E7 -->
                <textureradiooffnofocus>RadioButton/radiobutton-nofocus.png</textureradiooffnofocus>
            </control>
            <control type="radiobutton" id="315">
                <width>610</width>
                <height>40</height>
                <textwidth>565</textwidth>
                <textoffsetx>10</textoffsetx>
                <radioheight>45</radioheight>
                <radioposx>530</radioposx>
                <label>Conservar mi archivo guisettings.xml</label>
                <font>font12</font>
                <texturefocus colordiffuse="FF992599">RadioButton/MenuItemFO.png</texturefocus><!-- 12B2E7 -->
                <texturenofocus>RadioButton/MenuItemNF.png</texturenofocus>
                <textureradioonfocus colordiffuse="FF992599">RadioButton/radiobutton-focus.png</textureradioonfocus><!-- 12B2E7 -->
                <textureradioonnofocus colordiffuse="FF992599">RadioButton/radiobutton-focus.png</textureradioonnofocus><!-- 12B2E7 -->
                <textureradioofffocus colordiffuse="FF992599">RadioButton/radiobutton-focus.png</textureradioofffocus><!-- 12B2E7 -->
                <textureradiooffnofocus>RadioButton/radiobutton-nofocus.png</textureradiooffnofocus>
            </control>
            <control type="radiobutton" id="306">
                <width>610</width>
                <height>40</height>
                <textwidth>565</textwidth>
                <textoffsetx>10</textoffsetx>
                <radioheight>45</radioheight>
                <radioposx>530</radioposx>
                <label>Conservar mi archivo AdvancedSettings.xml</label>
                <font>font12</font>
                <texturefocus colordiffuse="FF992599">RadioButton/MenuItemFO.png</texturefocus><!-- 12B2E7 -->
                <texturenofocus>RadioButton/MenuItemNF.png</texturenofocus>
                <textureradioonfocus colordiffuse="FF992599">RadioButton/radiobutton-focus.png</textureradioonfocus><!-- 12B2E7 -->
                <textureradioonnofocus colordiffuse="FF992599">RadioButton/radiobutton-focus.png</textureradioonnofocus><!-- 12B2E7 -->
                <textureradioofffocus colordiffuse="FF992599">RadioButton/radiobutton-focus.png</textureradioofffocus><!-- 12B2E7 -->
                <textureradiooffnofocus>RadioButton/radiobutton-nofocus.png</textureradiooffnofocus>
            </control>
            <control type="radiobutton" id="307">
                <width>610</width>
                <height>40</height>
                <textwidth>565</textwidth>
                <textoffsetx>10</textoffsetx>
                <radioheight>45</radioheight>
                <radioposx>530</radioposx>
                <label>Conservar mi archivo Favoritos.xml</label>
                <font>font12</font>
                <texturefocus colordiffuse="FF992599">RadioButton/MenuItemFO.png</texturefocus><!-- 12B2E7 -->
                <texturenofocus>RadioButton/MenuItemNF.png</texturenofocus>
                <textureradioonfocus colordiffuse="FF992599">RadioButton/radiobutton-focus.png</textureradioonfocus><!-- 12B2E7 -->
                <textureradioonnofocus colordiffuse="FF992599">RadioButton/radiobutton-focus.png</textureradioonnofocus><!-- 12B2E7 -->
                <textureradioofffocus colordiffuse="FF992599">RadioButton/radiobutton-focus.png</textureradioofffocus><!-- 12B2E7 -->
                <textureradiooffnofocus>RadioButton/radiobutton-nofocus.png</textureradiooffnofocus>
            </control>
            <control type="radiobutton" id="308">
                <width>610</width>
                <height>40</height>
                <textwidth>565</textwidth>
                <textoffsetx>10</textoffsetx>
                <radioheight>45</radioheight>
                <radioposx>530</radioposx>
                <label>Conservar mis Super Favoritos</label>
                <font>font12</font>
                <texturefocus colordiffuse="FF992599">RadioButton/MenuItemFO.png</texturefocus><!-- 12B2E7 -->
                <texturenofocus>RadioButton/MenuItemNF.png</texturenofocus>
                <textureradioonfocus colordiffuse="FF992599">RadioButton/radiobutton-focus.png</textureradioonfocus><!-- 12B2E7 -->
                <textureradioonnofocus colordiffuse="FF992599">RadioButton/radiobutton-focus.png</textureradioonnofocus><!-- 12B2E7 -->
                <textureradioofffocus colordiffuse="FF992599">RadioButton/radiobutton-focus.png</textureradioofffocus><!-- 12B2E7 -->
                <textureradiooffnofocus>RadioButton/radiobutton-nofocus.png</textureradiooffnofocus>
            </control>
            <control type="radiobutton" id="309">
                <width>610</width>
                <height>40</height>
                <textwidth>565</textwidth>
                <textoffsetx>10</textoffsetx>
                <radioheight>45</radioheight>
                <radioposx>530</radioposx>
                <label>Conservar mis Repositorios</label>
                <font>font12</font>
                <texturefocus colordiffuse="FF992599">RadioButton/MenuItemFO.png</texturefocus><!-- 12B2E7 -->
                <texturenofocus>RadioButton/MenuItemNF.png</texturenofocus>
                <textureradioonfocus colordiffuse="FF992599">RadioButton/radiobutton-focus.png</textureradioonfocus><!-- 12B2E7 -->
                <textureradioonnofocus colordiffuse="FF992599">RadioButton/radiobutton-focus.png</textureradioonnofocus><!-- 12B2E7 -->
                <textureradioofffocus colordiffuse="FF992599">RadioButton/radiobutton-focus.png</textureradioofffocus><!-- 12B2E7 -->
                <textureradiooffnofocus>RadioButton/radiobutton-nofocus.png</textureradiooffnofocus>
            </control>
            <control type="radiobutton" id="310">
                <width>610</width>
                <height>40</height>
                <textwidth>565</textwidth>
                <textoffsetx>10</textoffsetx>
                <radioheight>45</radioheight>
                <radioposx>530</radioposx>
                <label>Conservar mi Lista Blanca</label>
                <font>font12</font>
                <texturefocus colordiffuse="FF992599">RadioButton/MenuItemFO.png</texturefocus><!-- 12B2E7 -->
                <texturenofocus>RadioButton/MenuItemNF.png</texturenofocus>
                <textureradioonfocus colordiffuse="FF992599">RadioButton/radiobutton-focus.png</textureradioonfocus><!-- 12B2E7 -->
                <textureradioonnofocus colordiffuse="FF992599">RadioButton/radiobutton-focus.png</textureradioonnofocus><!-- 12B2E7 -->
                <textureradioofffocus colordiffuse="FF992599">RadioButton/radiobutton-focus.png</textureradioofffocus><!-- 12B2E7 -->
                <textureradiooffnofocus>RadioButton/radiobutton-nofocus.png</textureradiooffnofocus>
            </control>
            <control type="radiobutton" id="311">
                <width>610</width>
                <height>40</height>
                <textwidth>565</textwidth>
                <textoffsetx>10</textoffsetx>
                <radioheight>45</radioheight>
                <radioposx>530</radioposx>
                <label>Borrar Caché al iniciar</label>
                <font>font12</font>
                <texturefocus colordiffuse="FF992599">RadioButton/MenuItemFO.png</texturefocus><!-- 12B2E7 -->
                <texturenofocus>RadioButton/MenuItemNF.png</texturenofocus>
                <textureradioonfocus colordiffuse="FF992599">RadioButton/radiobutton-focus.png</textureradioonfocus><!-- 12B2E7 -->
                <textureradioonnofocus colordiffuse="FF992599">RadioButton/radiobutton-focus.png</textureradioonnofocus><!-- 12B2E7 -->
                <textureradioofffocus colordiffuse="FF992599">RadioButton/radiobutton-focus.png</textureradioofffocus><!-- 12B2E7 -->
                <textureradiooffnofocus>RadioButton/radiobutton-nofocus.png</textureradiooffnofocus>
            </control>
            <control type="radiobutton" id="312">
                <width>610</width>
                <height>40</height>
                <textwidth>565</textwidth>
                <textoffsetx>10</textoffsetx>
                <radioheight>45</radioheight>
                <radioposx>530</radioposx>
                <label>Borrar Paquetes al iniciar</label>
                <font>font12</font>
                <texturefocus colordiffuse="FF992599">RadioButton/MenuItemFO.png</texturefocus><!-- 12B2E7 -->
                <texturenofocus>RadioButton/MenuItemNF.png</texturenofocus>
                <textureradioonfocus colordiffuse="FF992599">RadioButton/radiobutton-focus.png</textureradioonfocus><!-- 12B2E7 -->
                <textureradioonnofocus colordiffuse="FF992599">RadioButton/radiobutton-focus.png</textureradioonnofocus><!-- 12B2E7 -->
                <textureradioofffocus colordiffuse="FF992599">RadioButton/radiobutton-focus.png</textureradioofffocus><!-- 12B2E7 -->
                <textureradiooffnofocus>RadioButton/radiobutton-nofocus.png</textureradiooffnofocus>
            </control>
            <control type="radiobutton" id="313">
                <width>610</width>
                <height>40</height>
                <textwidth>565</textwidth>
                <textoffsetx>10</textoffsetx>
                <radioheight>45</radioheight>
                <radioposx>530</radioposx>
                <label>Borrar Miniaturas antiguas al iniciar</label>
                <font>font12</font>
                <texturefocus colordiffuse="FF992599">RadioButton/MenuItemFO.png</texturefocus><!-- 12B2E7 -->
                <texturenofocus>RadioButton/MenuItemNF.png</texturenofocus>
                <textureradioonfocus colordiffuse="FF992599">RadioButton/radiobutton-focus.png</textureradioonfocus><!-- 12B2E7 -->
                <textureradioonnofocus colordiffuse="FF992599">RadioButton/radiobutton-focus.png</textureradioonnofocus><!-- 12B2E7 -->
                <textureradioofffocus colordiffuse="FF992599">RadioButton/radiobutton-focus.png</textureradioofffocus><!-- 12B2E7 -->
                <textureradiooffnofocus>RadioButton/radiobutton-nofocus.png</textureradiooffnofocus>
            </control>
        </control>
        <control type="group" id="9001">
            <control type="button" id="201">
                <left>350</left>
                <top>690</top><!-- 690 -->
                <width>300</width>
                <height>90</height>
                <font>font13</font>
                <textcolor>FFF0F0F0</textcolor>
                <label>Continuar</label>
                <align>center</align>
                <aligny>center</aligny>
                <onup>9000</onup>
                <ondown>9000</ondown>
                <texturefocus border="40" colordiffuse="FF992599">Button/loguploader-dialogbutton-fo.png</texturefocus><!-- 12B2E7 -->
                <texturenofocus border="40">Button/loguploader-dialogbutton-nofo.png</texturenofocus>
            </control>
        </control>
    </controls>
</window>
