<?xml version="1.0" encoding="UTF-8"?>
<window type="dialog">
	<!-- 1280 x 720 -->
	<defaultcontrol always="true">32501</defaultcontrol>
	<depth>DepthOSD</depth>
  <controls>
		<control type="group">
			<control type="image">
				<!-- Background -->
				<posx>240</posx>
				<posy>205</posy>
				<width>800</width>
				<height>350</height>
				<texture colordiffuse="f2000000">AddonWindow/white.png</texture>
			</control>
			<control type="button" id="32500">
				<!-- Close button -->
				<posx>981</posx>
				<posy>224</posy>
				<width>32</width>
				<height>32</height>
				<texturefocus colordiffuse="ffffffff">Button/close.png</texturefocus>
				<texturenofocus colordiffuse="ff2b2b2b">Button/close.png</texturenofocus>
				<onup>32508</onup>
				<ondown>32501</ondown>
				<onleft condition="String.Contains(Control.GetLabel(32501),*)">32505</onleft>
				<onleft condition="String.Contains(Control.GetLabel(32502),*)">32507</onleft>
			</control>
			<control type="radiobutton" id="32501">
				<!-- Radio Button URL -->
				<posx>760</posx>
				<posy>315</posy>
				<width>270</width>
				<height>70</height>
				<radiowidth>100</radiowidth>
				<radioheight>40</radioheight>
				<visible>true</visible>
				<colordiffuse>FFFFFFFF</colordiffuse>
				<wrapmultiline>true</wrapmultiline>
				<font>font12</font>
				<label>$ADDON[plugin.video.elementum 30105]</label>
				<textcolor>FFFFFFFF</textcolor>
				<focusedcolor>FFFFFFFF</focusedcolor>
				<disabledcolor>80FFFFFF</disabledcolor>
				<invalidcolor>FFFFFFFF</invalidcolor>
				<align>center</align>
				<aligny>center</aligny>
				<onup>32500</onup>
				<ondown>32502</ondown>
				<onleft condition="String.Contains(Control.GetLabel(32501),*)">32505</onleft>
				<onleft condition="String.Contains(Control.GetLabel(32502),*)">32507</onleft>
			</control>
			<control type="radiobutton" id="32502">
				<!-- Radio Button file path -->
				<posx>760</posx>
				<posy>395</posy>
				<width>270</width>
				<height>70</height>
				<radiowidth>100</radiowidth>
				<radioheight>40</radioheight>
				<visible>true</visible>
				<colordiffuse>FFFFFFFF</colordiffuse>
				<wrapmultiline>true</wrapmultiline>
				<font>font12</font>
				<label>$ADDON[plugin.video.elementum 30106]</label>
				<textcolor>FFFFFFFF</textcolor>
				<focusedcolor>FFFFFFFF</focusedcolor>
				<disabledcolor>80FFFFFF</disabledcolor>
				<invalidcolor>FFFFFFFF</invalidcolor>
				<align>center</align>
				<aligny>center</aligny>
				<onup>32501</onup>
				<ondown>32508</ondown>
				<onleft condition="String.Contains(Control.GetLabel(32501),*)">32505</onleft>
				<onleft condition="String.Contains(Control.GetLabel(32502),*)">32507</onleft>
			</control>
			<control type="button" id="32508">
				<!-- OK button -->
				<posx>760</posx>
				<posy>475</posy>
				<width>270</width>
				<height>70</height>
				<visible>true</visible>
				<colordiffuse>FFFFFFFF</colordiffuse>
				<wrapmultiline>true</wrapmultiline>
				<font>font12</font>
				<label>$ADDON[plugin.video.elementum 30109]</label>
				<textcolor>FFFFFFFF</textcolor>
				<focusedcolor>FFFFFFFF</focusedcolor>
				<disabledcolor>80FFFFFF</disabledcolor>
				<invalidcolor>FFFFFFFF</invalidcolor>
				<align>center</align>
				<aligny>center</aligny>
				<onup>32502</onup>
				<ondown>32500</ondown>
				<onleft condition="String.Contains(Control.GetLabel(32501),*)">32505</onleft>
				<onleft condition="String.Contains(Control.GetLabel(32502),*)">32507</onleft>
			</control>
			<control type="label" id="32503">
				<!-- Window title -->
				<posx>440</posx>
				<posy>225</posy>
				<width>400</width>
				<height>30</height>
				<font>font14</font>
				<align>center</align>
				<aligny>center</aligny>
				<label>[B]$ADDON[plugin.video.elementum 30104][/B]</label>
				<textcolor>white</textcolor>
			</control>
			<control type="label" id="32504">
				<!-- Option 1 Insert URL label -->
				<posx>275</posx>
				<posy>280</posy>
				<width>500</width>
				<height>30</height>
				<visible>String.Contains(Control.GetLabel(32501),*)</visible>
				<font>font13</font>
				<label>$ADDON[plugin.video.elementum 30107]</label>
				<align>left</align>
				<aligny>center</aligny>
				<textcolor>white</textcolor>
			</control>
			<control type="button" id="32505">
				<!-- Option 1 Insert URL box -->
				<posx>250</posx>
				<posy>315</posy>
				<width>500</width>
				<height>70</height>
				<visible>String.Contains(Control.GetLabel(32501),*)</visible>
				<colordiffuse>FFFFFFFF</colordiffuse>
				<wrapmultiline>false</wrapmultiline>
				<font>font14</font>
				<textcolor>FFFFFFFF</textcolor>
				<focusedcolor>FFFFFFFF</focusedcolor>
				<disabledcolor>80FFFFFF</disabledcolor>
				<invalidcolor>FFFFFFFF</invalidcolor>
				<textoffsetx>25</textoffsetx>
				<align>left</align>
				<aligny>center</aligny>
				<onright>32508</onright>
			</control>
			<control type="label" id="32506">
				<!-- Option 2 File path label -->
				<posx>275</posx>
				<posy>280</posy>
				<width>500</width>
				<height>30</height>
				<visible>String.Contains(Control.GetLabel(32502),*)</visible>
				<font>font13</font>
				<label>$ADDON[plugin.video.elementum 30108]</label>
				<align>left</align>
				<aligny>center</aligny>
				<textcolor>white</textcolor>
			</control>
			<control type="button" id="32507">
				<!-- Option 2 File path box -->
				<posx>250</posx>
				<posy>315</posy>
				<width>500</width>
				<height>70</height>
				<visible>String.Contains(Control.GetLabel(32502),*)</visible>
				<colordiffuse>FFFFFFFF</colordiffuse>
				<wrapmultiline>false</wrapmultiline>
				<font>font14</font>
				<textcolor>FFFFFFFF</textcolor>
				<focusedcolor>FFFFFFFF</focusedcolor>
				<disabledcolor>80FFFFFF</disabledcolor>
				<invalidcolor>FFFFFFFF</invalidcolor>
				<textoffsetx>25</textoffsetx>
				<align>left</align>
				<aligny>center</aligny>
				<onright>32508</onright>
			</control>
		</control>
  </controls>
</window>
