<?xml version="1.0" encoding="utf-8"?>
<!-- Replace for TVTunes script using skin files only -->
<!-- Thanks to Kodi forum user manfeed -->
<window type="dialog" id="1159">
	<onload>Stop</onload>
	<onload condition="String.IsEmpty(Window(home).Property(PlayingOST)) + !String.Contains(ListItem.Path,http)">PlayMedia($ESCINFO[ListItem.Path,,theme.mp3])</onload>
	<onload>SetProperty(OST,$INFO[ListItem.Path],home)</onload>
	<onload>SetProperty(PlayingOST,True.Path],home)</onload>
	<visible>System.IdleTime(2) + Skin.HasSetting(media-theme) + [!String.IsEqual(ListItem.Path,Window(home).Property(OST)) | !Player.Playing]</visible>
	<visible>!ListItem.IsCollection + !String.Contains(ListItem.Path,thumb:) + !String.Contains(ListItem.Path,image:) + !String.Contains(ListItem.Path,plugin) + !String.Contains(ListItem.Path,videodb:)</visible>
	<visible>Container.Content(movies) | [Container.Content(tvshows) + !Player.Playing] | [Container.Content(seasons) + !Player.Playing] + !Window.IsActive(movieinformation)</visible>
	<controls></controls>
</window>