<?xml version="1.0" encoding="utf-8"?>
<window>
	<defaultcontrol>9000</defaultcontrol>
	<coordinates>
		<origin x="0" y="0" />
	</coordinates>
	<controls>
		<control type="image">
			<include>fullscreenimage</include>
			<texture colordiffuse="mask-background">background-mask.png</texture>
			<aspectratio>scale</aspectratio>
		</control>
		<control type="button">
			<!-- Touch mouse close button -->
			<right>15</right>
			<bottom>15</bottom>
			<width>180</width>
			<height>75</height>
			<texturefocus colordiffuse="$VAR[AccentColor]">backtransparent.png</texturefocus>
			<texturenofocus colordiffuse="midgrey">backtransparent.png</texturenofocus>
			<onclick>Dialog.Close(buttonmenu)</onclick>
			<align>center</align>
			<aligny>center</aligny>
			<label>Cerrar</label>
			<font>ctouch19</font>
			<visible>Skin.HasSetting(menulittle)</visible>
		</control>
		<control type="panel" id="9000">
			<centerleft>50%</centerleft>
			<centertop>60%</centertop>
			<width>540</width>
			<height>700</height>
			<onback>Dialog.Close(shutdownmenu)</onback>
			<onleft>Dialog.Close(shutdownmenu)</onleft>
			<onright>Dialog.Close(shutdownmenu)</onright>
			<aligny>top</aligny>
			<itemlayout width="540" height="75">
				<control type="image">
					<left>0</left>
					<top>5</top>
					<width>70</width>
					<height>70</height>
					<texture colordiffuse="$VAR[AccentColor]">$INFO[ListItem.Art(thumb)]</texture>
				</control>
				<control type="label">
					<left>70</left>
					<top>20</top>
					<width>495</width>
					<height>36</height>
					<font>ctouch22</font>
					<label>$INFO[ListItem.Label]</label>
				</control>
			</itemlayout>
			<focusedlayout width="540" height="75">
				<control type="image">
					<left>0</left>
					<top>0</top>
					<width>510</width>
					<height>75</height>
					<texture border="9" colordiffuse="$VAR[AccentColor]">button-default-white.png</texture>
				</control>
				<control type="image">
					<left>0</left>
					<top>5</top>
					<width>70</width>
					<height>70</height>
					<texture>$INFO[ListItem.Art(thumb)]</texture>
				</control>
				<control type="label">
					<left>70</left>
					<top>20</top>
					<width>495</width>
					<height>36</height>
					<font>ctouch22</font>
					<label>$INFO[ListItem.Label]</label>
				</control>
			</focusedlayout>
			<content>
				<item>
					<thumb>icons/forcequit.png</thumb>
					<label>Forzar Cierre</label>
					<onclick condition="!System.HasAddon(script.stva)">InstallAddon(script.stva)</onclick>															
					<onclick>PlayMedia(&quot;plugin://script.stva/?mode=forceclose&quot;)</onclick>
				</item>
				<item>
					<thumb>icons/quit.png</thumb>
					<label>$LOCALIZE[13009]</label>
					<onclick>SetProperty(ShutdownKodi,true,home)</onclick>
					<onclick>Quit()</onclick>
				</item>
				<item>
					<thumb>icons/suspend.png</thumb>
					<label>$LOCALIZE[13011]</label>
					<onclick>SetProperty(ShutdownKodi,true,home)</onclick>
					<onclick>Suspend()</onclick>
					<visible>System.CanSuspend</visible>
				</item>
				<item>
					<thumb>icons/shutdown.png</thumb>
					<label>$LOCALIZE[13016]</label>
					<onclick>Powerdown()</onclick>
					<visible>System.CanPowerDown + [!Skin.HasSetting(HidePowerOff) | Window.IsVisible(loginscreen)]</visible>
					<property name="color">red</property>
				</item>
				<item>
					<thumb>icons/reload.png</thumb>
					<label>$LOCALIZE[20183]</label>
					<onclick>ReloadSkin()</onclick>
				</item>
				<item>
					<thumb>icons/reload.png</thumb>
					<label>$LOCALIZE[31554]</label>
					<onclick>SetProperty(ShutdownKodi,true,home)</onclick>
					<onclick>System.ExecWait("/usr/sbin/rebootfromnand")</onclick>
					<onclick>Reset()</onclick>
					<visible>System.Platform.Android | System.Platform.Linux</visible>
				</item>
				<item>
					<label>$VAR[MasterModeLabel]</label>
					<onclick>mastermode</onclick>
					<visible>System.HasLocks</visible>
				</item>
				<item>
					<label>$LOCALIZE[13017]</label>
					<onclick>InhibitIdleShutdown(true)</onclick>
					<visible>System.HasShutdown +!System.IsInhibit</visible>
				</item>
				<item>
					<label>$LOCALIZE[13018]</label>
					<onclick>InhibitIdleShutdown(false)</onclick>
					<visible>System.HasShutdown + System.IsInhibit</visible>
				</item>
			</content>
		</control>
	</controls>
</window>