<?xml version="1.0" encoding="utf-8"?>
<window>
	<defaultcontrol always="true">655</defaultcontrol>
	<visible>[System.HasMediaDVD | Player.HasMedia] + Window.IsActive(playercontrols) + $EXP[isnotFullscreenVideo] + !Window.IsActive(visualisation)</visible>
	<coordinates>
		<left>0</left>
		<top>0</top>
	</coordinates>
	<controls>
		<include>fadebackground</include>
		<control type="image">
			<!-- Dialog background image -->
			<left>184</left>
			<top>188</top>
			<height>262</height>
			<width>1539</width>
			<texture border="14">button-menu-background.png</texture>
		</control>
		<control type="button">
			<!-- Touch Close button -->
			<left>1692</left>
			<top>174</top>
			<width>64</width>
			<height>64</height>
			<texturefocus>touch-close.png</texturefocus>
			<texturenofocus>touch-close.png</texturenofocus>
			<onclick>Dialog.Close(playercontrols)</onclick>
		</control>
		<!-- Media Info -->
		<control type="group">
			<!-- Video -->
			<visible>Player.HasVideo</visible>
			<control type="videowindow">
				<left>225</left>
				<top>206</top>
				<width>318</width>
				<height>225</height>
				<visible>!Skin.HasSetting(background-playingmedia)</visible>
			</control>
			<control type="image">
				<left>246</left>
				<top>206</top>
				<width>225</width>
				<height>225</height>
				<align>left</align>
				<aligny>bottom</aligny>
				<fadetime>300</fadetime>
				<texture fallback="DefaultAudio.png">$VAR[PlayerVideoCover]</texture>
				<aspectratio>keep</aspectratio>
				<visible>Skin.HasSetting(background-playingmedia)</visible>
			</control>
			<control type="button">
				<!-- Touch button for Fullscreen -->
				<left>225</left>
				<top>206</top>
				<width>318</width>
				<height>225</height>
				<texturefocus>blank.png</texturefocus>
				<onclick>Dialog.Close(playercontrols)</onclick>
				<onclick>Fullscreen</onclick>
				
			</control>
			<control type="label">
				<!-- Now playing -->
				<left>531</left>
				<top>206</top>
				<width>1167</width>
				<height>34</height>
				<label>$LOCALIZE[31037]</label>
				<align>center</align>
				<font>ctouch23</font>
				<textcolor>listselected-text</textcolor>
			</control>
			<control type="label">
				<left>531</left>
				<top>246</top>
				<width>1167</width>
				<height>33</height>
				<label>$INFO[VideoPlayer.Title]</label>
				<font>ctouch22</font>
				<align>center</align>
				<visible>!Pvr.IsPlayingTv</visible>
			</control>
			<control type="label">
				<left>531</left>
				<top>246</top>
				<width>1167</width>
				<height>33</height>
				<label>$INFO[VideoPlayer.ChannelNumberLabel,, - ]$INFO[VideoPlayer.ChannelName]</label>
				<font>ctouch22</font>
				<align>center</align>
				<visible>Pvr.IsPlayingTv</visible>
			</control>
			<control type="label">
				<left>555</left>
				<top>402</top>
				<width>255</width>
				<height>30</height>
				<font>ctouch20</font>
				<label>$INFO[VideoPlayer.Time]</label>
				<align>right</align>
			</control>
			<control type="progress">
				<!-- Cache -->
				<left>825</left>
				<top>410</top>
				<width>570</width>
				<height>18</height>
				<info>Player.ProgressCache</info>
				<colordiffuse>CacheBarColor</colordiffuse>
			</control>
			<control type="progress">
				<left>825</left>
				<top>410</top>
				<width>570</width>
				<height>18</height>
				<info>Player.Progress</info>
			</control>
			<control type="slider" id="690">
				<left>825</left>
				<top>410</top>
				<width>570</width>
				<height>18</height>
				<action>seek</action>
				<onup>650</onup>
			</control>
			<control type="label">
				<left>1410</left>
				<top>402</top>
				<width>255</width>
				<height>30</height>
				<font>ctouch20</font>
				<label>$INFO[VideoPlayer.TimeRemaining,- ]</label>
			</control>
		</control>
		<control type="group">
			<!-- Music -->
			<visible>Player.HasAudio</visible>
			<control type="image">
				<left>246</left>
				<top>206</top>
				<width>225</width>
				<height>225</height>
				<align>left</align>
				<aligny>bottom</aligny>
				<fadetime>300</fadetime>
				<texture fallback="DefaultAudio.png">$VAR[PlayerMusicCover]</texture>
				<aspectratio>keep</aspectratio>
				<visible>!Window.IsActive(visualisation)</visible>
			</control>
			<control type="button">
				<!-- Touch button for Fullscreen -->
				<left>246</left>
				<top>206</top>
				<width>225</width>
				<height>225</height>
				<texturefocus>blank.png</texturefocus>
				<texturenofocus>blank.png</texturenofocus>
				<onclick>Dialog.Close(playercontrols)</onclick>
				<onclick>Fullscreen</onclick>
				
			</control>
			<control type="group">
				<visible>!Pvr.IsPlayingRadio + !Player.IsInternetStream</visible>
				<control type="label">
					<left>530</left>
					<top>204</top>
					<width>1168</width>
					<height>33</height>
					<label>$VAR[PlayerMusicInfo1]</label>
					<font>ctouch22</font>
					<align>center</align>
				</control>
				<control type="label">
					<left>530</left>
					<top>243</top>
					<width>1168</width>
					<height>30</height>
					<label>$VAR[PlayerMusicInfo2]</label>
					<font>ctouch20</font>
					<align>center</align>
				</control>
				<control type="label">
					<left>530</left>
					<top>278</top>
					<width>1168</width>
					<height>30</height>
					<label>$VAR[PlayerMusicInfo3]</label>
					<font>ctouch20</font>
					<align>center</align>
				</control>
			</control>
			<control type="group">
				<visible>Pvr.IsPlayingRadio | Player.IsInternetStream</visible>
				<control type="label">
					<!-- Now playing -->
					<left>530</left>
					<top>204</top>
					<width>1168</width>
					<height>33</height>
					<label>$LOCALIZE[31037]</label>
					<align>center</align>
					<font>ctouch22</font>
					<textcolor>listselected-text</textcolor>
				</control>
				<control type="textbox">
					<left>530</left>
					<top>243</top>
					<height>78</height>
					<width>1168</width>
					<font>ctouch20</font>
					<align>center</align>
					<aligny>top</aligny>
					<label>$INFO[MusicPlayer.ChannelName][CR]$INFO[MusicPlayer.Title]</label>
					<include condition="Skin.HasSetting(text-autoscroll)">scrolltext</include>
				</control>
			</control>
			<control type="group">
				<visible>!Pvr.IsPlayingRadio + !Player.IsInternetStream</visible>
				<control type="label">
					<left>465</left>
					<top>402</top>
					<width>300</width>
					<height>30</height>
					<label>$INFO[MusicPlayer.Time]</label>
					<font>ctouch20</font>
					<align>right</align>
				</control>
				<control type="progress">
					<left>780</left>
					<top>410</top>
					<width>660</width>
					<height>18</height>
					<info>Player.Progress</info>
				</control>
				<control type="slider" id="691">
					<left>780</left>
					<top>410</top>
					<width>660</width>
					<height>18</height>
					<action>seek</action>
					<onup>650</onup>
				</control>
				<control type="label">
					<left>1455</left>
					<top>402</top>
					<width>330</width>
					<height>30</height>
					<label>$INFO[MusicPlayer.TimeRemaining,- ]</label>
					<font>ctouch20</font>
				</control>
			</control>
		</control>
		<!-- End of Media Info-->
		<control type="grouplist" id="620">
			<!-- Play group OSD Buttons -->
			<left>962</left>
			<top>307</top>
			<width>288</width>
			<height>48</height>
			<itemgap>3</itemgap>
			<orientation>horizontal</orientation>
			<align>center</align>
			<ondown>650</ondown>
			<visible>Control.HasFocus(655) | ControlGroup(620).HasFocus()</visible>
			<control type="button" id="621">
				<!-- Tempo down -->
				<width>48</width>
				<height>48</height>
				<texturefocus>osd-btn-tempodown-focus.png</texturefocus>
				<texturenofocus>osd-btn-tempodown.png</texturenofocus>
				<onclick>PlayerControl(tempodown)</onclick>
				<include>focus-zoom</include>
				<visible>Player.TempoEnabled</visible>
			</control>
			<control type="button" id="622">
				<!-- Tempo up -->
				<width>48</width>
				<height>48</height>
				<texturefocus>osd-btn-tempoup-focus.png</texturefocus>
				<texturenofocus>osd-btn-tempoup.png</texturenofocus>
				<onclick>PlayerControl(tempoup)</onclick>
				<include>focus-zoom</include>
				<visible>Player.TempoEnabled</visible>
			</control>
		</control>
		<control type="grouplist" id="630">
			<!-- Settings group OSD Buttons -->
			<left>828</left>
			<top>307</top>
			<width>288</width>
			<height>48</height>
			<defaultcontrol always="true">634</defaultcontrol>
			<itemgap>3</itemgap>
			<orientation>horizontal</orientation>
			<align>center</align>
			<ondown>650</ondown>
			<visible>Control.HasFocus(652) | ControlGroup(630).HasFocus()</visible>
			<control type="togglebutton" id="631">
				<!-- Lyrics -->
				<width>48</width>
				<height>48</height>
				<texturenofocus>osd-btn-lyric.png</texturenofocus>
				<texturefocus>osd-btn-lyric-focus.png</texturefocus>
				<alttexturenofocus>osd-btn-lyric.png</alttexturenofocus>
				<alttexturefocus>osd-btn-lyric-focus.png</alttexturefocus>
				<onclick>Dialog.Close(playercontrols)</onclick>
				<onclick>ActivateWindow(visualisation)</onclick>
				<onclick>RunScript(script.cu.lrclyrics)</onclick>
				<altclick>InstallAddon(script.cu.lrclyrics)</altclick>
				<altclick>Dialog.Close(playercontrols)</altclick>
				<altclick>RunScript(script.cu.lrclyrics)</altclick>
				<usealttexture>!System.HasAddon(script.cu.lrclyrics)</usealttexture>
				<visible>Player.HasAudio + !VideoPlayer.Content(LiveTV)</visible>
			</control>
			<control type="button" id="632">
				<!-- Subtitles Menu -->
				<width>48</width>
				<height>48</height>
				<texturenofocus>osd-btn-subtitle.png</texturenofocus>
				<texturefocus>osd-btn-subtitle-focus.png</texturefocus>
				<onclick>Dialog.Close(playercontrols)</onclick>
				<onclick>ActivateWindow(osdsubtitlesettings)</onclick>
				<include>focus-zoom</include>
				<visible>Player.HasVideo</visible>
			</control>
			<control type="button" id="633">
				<!-- 3D Menu -->
				<width>48</width>
				<height>48</height>
				<texturefocus>osd-btn-3D-focus.png</texturefocus>
				<texturenofocus>osd-btn-3D.png</texturenofocus>
				<onclick>Dialog.Close(playercontrols)</onclick>
				<onclick>ActivateWindow(1151)</onclick>
				<include>focus-zoom</include>
				<visible>VideoPlayer.IsStereoscopic</visible>
			</control>
			<control type="button" id="634">
				<!-- Audio Menu -->
				<width>48</width>
				<height>48</height>
				<texturefocus>osd-btn-audio-focus.png</texturefocus>
				<texturenofocus>osd-btn-audio.png</texturenofocus>
				<onclick>ActivateWindow(osdaudiosettings)</onclick>
				<include>focus-zoom</include>
			</control>
			<control type="button" id="635">
				<!-- Video Menu -->
				<width>48</width>
				<height>48</height>
				<texturefocus>osd-btn-video-focus.png</texturefocus>
				<texturenofocus>osd-btn-video.png</texturenofocus>
				<onclick>ActivateWindow(osdvideosettings)</onclick>
				<include>focus-zoom</include>
				<visible>Player.HasVideo</visible>
			</control>
			<control type="button" id="636">
				<!-- Popup Vis Preset List -->
				<width>48</width>
				<height>48</height>
				<texturefocus>osd-btn-vis-focus.png</texturefocus>
				<texturenofocus>osd-btn-vis.png</texturenofocus>
				<onclick>ActivateWindow(visualisationpresetlist)</onclick>
				<include>focus-zoom</include>
				<visible>Player.HasAudio + Visualisation.Enabled + Visualisation.HasPresets</visible>
			</control>
			<control type="button" id="637">
				<!-- Popup Vis Settings -->
				<width>48</width>
				<height>48</height>
				<texturefocus>osd-btn-vissetting-focus.png</texturefocus>
				<texturenofocus>osd-btn-vissetting.png</texturenofocus>
				<onclick>Addon.Default.OpenSettings(xbmc.player.musicviz)</onclick>
				<include>focus-zoom</include>
				<visible>Player.HasAudio + Visualisation.Enabled + Visualisation.HasPresets</visible>
			</control>
		</control>
		<control type="grouplist" id="640">
			<!-- Back group OSD buttons -->
			<left>1005</left>
			<top>307</top>
			<width>102</width>
			<height>48</height>
			<itemgap>3</itemgap>
			<orientation>horizontal</orientation>
			<align>center</align>
			<ondown>650</ondown>
			<visible>Control.HasFocus(654) | ControlGroup(640).HasFocus()</visible>
			<control type="button" id="642">
				<!-- Skip Bwd -->
				<width>48</width>
				<height>48</height>
				<texturefocus>osd-btn-skipback-focus.png</texturefocus>
				<texturenofocus>osd-btn-skipback.png</texturenofocus>
				<onclick>PlayerControl(Previous)</onclick>
				<include>focus-zoom</include>
			</control>
		</control>
		<control type="grouplist" id="650">
			<!-- Default group OSD buttons -->
			<left>894</left>
			<top>356</top>
			<width>432</width>
			<height>48</height>
			<itemgap>6</itemgap>
			<orientation>horizontal</orientation>
			<align>center</align>
			<ondown condition="Player.HasVideo">690</ondown>
			<ondown condition="Player.HasAudio">691</ondown>
			<control type="button" id="651">
				<!-- Fullscreen -->
				<width>48</width>
				<height>48</height>
				<texturefocus>osd-btn-zoom-focus.png</texturefocus>
				<texturenofocus>osd-btn-zoom.png</texturenofocus>
				<onclick>Dialog.Close(playercontrols)</onclick>
				<onclick>Fullscreen</onclick>
				<include>focus-zoom</include>
			</control>
			<control type="button" id="652">
				<!-- Settings -->
				<width>48</width>
				<height>48</height>
				<texturefocus>osd-btn-setting-focus.png</texturefocus>
				<texturenofocus>osd-btn-setting.png</texturenofocus>
				<onclick>SetFocus(630)</onclick>
				<onup>SetFocus(630)</onup>
				<include>focus-zoom</include>
			</control>
			<control type="image" id="653">
				<!-- Dummy -->
				<width>24</width>
				<height>48</height>
				<texture>blank.png</texture>
			</control>
			<control type="button" id="654">
				<!-- Rewind -->
				<width>48</width>
				<height>48</height>
				<texturefocus>osd-btn-rewind-focus.png</texturefocus>
				<texturenofocus>osd-btn-rewind.png</texturenofocus>
				<onclick>PlayerControl(Rewind)</onclick>
				<onup>SetFocus(640)</onup>
				<include>focus-zoom</include>
			</control>
			<control type="togglebutton" id="655">
				<!-- Play -->
				<width>48</width>
				<height>48</height>
				<texturefocus>osd-btn-pause-focus.png</texturefocus>
				<texturenofocus>osd-btn-pause.png</texturenofocus>
				<usealttexture>Player.Paused | Player.Forwarding | Player.Rewinding</usealttexture>
				<alttexturefocus>osd-btn-play-focus.png</alttexturefocus>
				<alttexturenofocus>osd-btn-play.png</alttexturenofocus>
				<onclick>PlayerControl(Play)</onclick>
				<onup>SetFocus(620)</onup>
				<include>focus-zoom</include>
			</control>
			<control type="button" id="656">
				<!-- Stop -->
				<width>48</width>
				<height>48</height>
				<texturefocus>osd-btn-stop-focus.png</texturefocus>
				<texturenofocus>osd-btn-stop.png</texturenofocus>
				<onclick>PlayerControl(Stop)</onclick>
				<include>focus-zoom</include>
			</control>
			<control type="button" id="657">
				<!-- Fast Forward -->
				<width>48</width>
				<height>48</height>
				<texturefocus>osd-btn-fastfwd-focus.png</texturefocus>
				<texturenofocus>osd-btn-fastfwd.png</texturenofocus>
				<onclick>PlayerControl(Forward)</onclick>
				<onup>SetFocus(660)</onup>
				<include>focus-zoom</include>
			</control>
			<control type="image" id="658">
				<!-- Dummy -->
				<width>24</width>
				<height>48</height>
				<texture>blank.png</texture>
			</control>
			<control type="button" id="659">
				<!-- More options -->
				<width>48</width>
				<height>48</height>
				<texturefocus>osd-btn-more-focus.png</texturefocus>
				<texturenofocus>osd-btn-more.png</texturenofocus>
				<onclick>SetFocus(670)</onclick>
				<onup>SetFocus(670)</onup>
				<include>focus-zoom</include>
			</control>
		</control>
		<control type="grouplist" id="660">
			<!-- Forward group OSD Button -->
			<left>1170</left>
			<top>307</top>
			<width>102</width>
			<height>48</height>
			<itemgap>3</itemgap>
			<orientation>horizontal</orientation>
			<align>center</align>
			<ondown>650</ondown>
			<visible>Control.HasFocus(657) | ControlGroup(660).HasFocus()</visible>
			<control type="button" id="662">
				<!-- Skip Fwd -->
				<width>48</width>
				<height>48</height>
				<texturefocus>osd-btn-skipfwd-focus.png</texturefocus>
				<texturenofocus>osd-btn-skipfwd.png</texturenofocus>
				<onclick>PlayerControl(Next)</onclick>
				<include>focus-zoom</include>
			</control>
		</control>
		<control type="grouplist" id="670">
			<!-- More group OSD Buttons -->
			<left>1101</left>
			<top>307</top>
			<width>408</width>
			<height>48</height>
			<defaultcontrol always="true">634</defaultcontrol>
			<itemgap>3</itemgap>
			<orientation>horizontal</orientation>
			<align>center</align>
			<ondown>650</ondown>
			<visible>Control.HasFocus(659) | ControlGroup(670).HasFocus()</visible>
			<control type="button" id="671">
				<!-- DVD Menu -->
				<width>48</width>
				<height>48</height>
				<texturefocus>osd-btn-dvdmenu-focus.png</texturefocus>
				<texturenofocus>osd-btn-dvdmenu.png</texturenofocus>
				<onclick>PlayerControl(ShowVideoMenu)</onclick>
				<include>focus-zoom</include>
				<visible>VideoPlayer.HasMenu</visible>
			</control>
			<control type="togglebutton" id="672">
				<!-- Random -->
				<width>48</width>
				<height>48</height>
				<texturefocus>osd-btn-playthru-focus.png</texturefocus>
				<texturenofocus>osd-btn-playthru.png</texturenofocus>
				<usealttexture>Playlist.IsRandom</usealttexture>
				<alttexturefocus>osd-btn-random-focus.png</alttexturefocus>
				<alttexturenofocus>osd-btn-random.png</alttexturenofocus>
				<onclick>PlayerControl(Random)</onclick>
				<include>focus-zoom</include>
				<visible>Player.HasAudio</visible>
			</control>
			<control type="group" id="673">
				<!-- Repeat -->
				<width>48</width>
				<height>48</height>
				<include>focus-zoom</include>
				<visible>Player.HasAudio</visible>
				<control type="button" id="678">
					<texturefocus/>
					<texturenofocus/>
					<width>48</width>
					<height>48</height>
					<onleft>672</onleft>
					<onright>675</onright>
					<ondown>650</ondown>
					<onclick>PlayerControl(Repeat)</onclick>
				</control>
				<control type="image">
					<width>48</width>
					<height>48</height>
					<texture>$VAR[PlayerControlRepeatImage]</texture>
				</control>
			</control>
			<control type="button" id="675">
				<!-- Channel Up -->
				<width>48</width>
				<height>48</height>
				<texturefocus>osd-btn-channelup-focus.png</texturefocus>
				<texturenofocus>osd-btn-channelup.png</texturenofocus>
				<onclick>ChannelUp</onclick>
				<include>focus-zoom</include>
				<visible>VideoPlayer.Content(LiveTV)</visible>
			</control>
			<control type="button" id="676">
				<!-- Channel Down -->
				<width>48</width>
				<height>48</height>
				<texturefocus>osd-btn-channeldown-focus.png</texturefocus>
				<texturenofocus>osd-btn-channeldown.png</texturenofocus>
				<onclick>ChannelDown</onclick>
				<include>focus-zoom</include>
				<visible>VideoPlayer.Content(LiveTV)</visible>
			</control>
			<control type="togglebutton" id="677">
				<!-- Record -->
				<width>48</width>
				<height>48</height>
				<texturefocus>osd-btn-rec-focus.png</texturefocus>
				<texturenofocus>osd-btn-rec.png</texturenofocus>
				<usealttexture>PVR.CanRecordPlayingChannel + PVR.IsRecordingPlayingChannel</usealttexture>
				<alttexturefocus>osd-btn-rec-recording-focus.png</alttexturefocus>
				<alttexturenofocus>osd-btn-rec-recording.png</alttexturenofocus>
				<onclick>PVR.ToggleRecordPlayingChannel</onclick>
				<include>focus-zoom</include>
				<visible>PVR.CanRecordPlayingChannel</visible>
			</control>
			<control type="button" id="678">
				<!-- Volume Up -->
				<width>48</width>
				<height>48</height>
				<texturefocus>osd-btn-volumeup-focus.png</texturefocus>
				<texturenofocus>osd-btn-volumeup.png</texturenofocus>
				<include>focus-zoom</include>
				<onclick>VolumeUp</onclick>
			</control>
			<control type="button" id="679">
				<!-- Volume Down -->
				<width>48</width>
				<height>48</height>
				<texturefocus>osd-btn-volumedown-focus.png</texturefocus>
				<texturenofocus>osd-btn-volumedown.png</texturenofocus>
				<include>focus-zoom</include>
				<onclick>VolumeDown</onclick>
			</control>
			<control type="button" id="680">
				<!-- Eject Disk -->
				<width>48</width>
				<height>48</height>
				<texturefocus>osd-btn-eject-focus.png</texturefocus>
				<texturenofocus>osd-btn-eject.png</texturenofocus>
				<onclick>EjectTray()</onclick>
				<onclick>SetFocus(1115)</onclick>
				<include>focus-zoom</include>
				<visible>System.HasMediadvd</visible>
			</control>
			<control type="button" id="981">
				<!-- EPG Menu -->
				<width>48</width>
				<height>48</height>
				<texturefocus>osd-btn-guide-focus.png</texturefocus>
				<texturenofocus>osd-btn-guide.png</texturenofocus>
				<onclick>ActivateWindow(tvguide)</onclick>
				<include>focus-zoom</include>
				<visible>VideoPlayer.HasEpg</visible>
			</control>
			<control type="button" id="982">
				<!-- RDS Info -->
				<width>48</width>
				<height>48</height>
				<texturefocus>osd-btn-guide-focus.png</texturefocus>
				<texturenofocus>osd-btn-guide.png</texturenofocus>
				<onclick>ActivateWindow(pvrradiordsinfo)</onclick>
				<include>focus-zoom</include>
				<visible>MusicPlayer.Content(LiveTV) + RDS.HasRadiotextPlus</visible>
			</control>
		</control>
	</controls>
</window>