<?xml version="1.0" encoding="utf-8"?>
<window>
	<defaultcontrol>8</defaultcontrol>
	<controls>
		<control type="videowindow" id="20">
			<include>fullscreenimage</include>
		</control>
		<control type="mover" id="8">
			<!-- top left mover -->
			<left>0</left>
			<top>0</top>
			<width>192</width>
			<height>192</height>
			<texturefocus>calibrate-topleft-focus.png</texturefocus>
			<texturenofocus>calibrate-topleft.png</texturenofocus>
			<pulseonselect>false</pulseonselect>
		</control>
		<control type="label" id="2">
			<!-- coordinates label -->
			<left>60</left>
			<top>112</top>
			<width>1800</width>
			<height>38</height>
			<align>center</align>
		</control>
		<control type="label" id="3">
			<!-- help information -->
			<left>60</left>
			<top>158</top>
			<width>1800</width>
			<height>38</height>
			<align>center</align>
		</control>
		<control type="mover" id="9">
			<!-- right bottom mover -->
			<left>1858</left>
			<top>938</top>
			<width>192</width>
			<height>192</height>
			<texturefocus>calibrate-bottomright-focus.png</texturefocus>
			<texturenofocus>calibrate-bottomright.png</texturenofocus>
			<pulseonselect>false</pulseonselect>
		</control>
		<control type="mover" id="10">
			<!-- subtitle position mover -->
			<left>531</left>
			<top>938</top>
			<width>576</width>
			<height>192</height>
			<texturefocus>calibrate-subtitles-focus.png</texturefocus>
			<texturenofocus>calibrate-subtitles.png</texturenofocus>
			<pulseonselect>false</pulseonselect>
		</control>
		<control type="resize" id="11">
			<!-- pixel aspect ratio box -->
			<left>0</left>
			<top>501</top>
			<width>750</width>
			<height>750</height>
			<texturefocus>calibrate-pixelratio-focus.png</texturefocus>
			<texturenofocus>calibrate-pixelratio.png</texturenofocus>
			<pulseonselect>false</pulseonselect>
		</control>
	</controls>
</window>