<?xml version="1.0" encoding="UTF-8"?>
<window><!--dialogo lista horaria de programas del canal seleccionado (izquierda media pantalla) -->
	<defaultcontrol always="true">11</defaultcontrol>
	<controls><!--de silvo-para ctouch rk-->
		<control type="group">
			<animation effect="slide" start="-1000,0" end="0,0" time="600" tween="quadratic" easing="out">WindowOpen</animation>
			<animation effect="slide" start="0,0" end="-1000,0" time="400" tween="quadratic" easing="in">WindowClose</animation>
			<control type="image">
				<left>-32</left>
				<width>1000</width>
				<height>1080</height>
			<texture colordiffuse="black" border="40">backtransparent.png</texture><!--mediamenu_back.png-->
			</control>
			<control type="image"><!--logo-->
				<left>20</left>
				<top>20</top>
				<width>150</width>
				<height>150</height>
				<aspectratio>keep</aspectratio>
				<texture background="true" fallback="DefaultTVShows.png">$INFO[VideoPlayer.Cover]</texture>
			</control>
			<control type="label"><!--número-nombre canal-->
				<left>200</left>
				<top>10</top>
				<width>800</width>
				<height>150</height>
				<!--<font>font60</font>-->
		<font>ctouch22</font>
			<label>[COLOR white]$INFO[VideoPlayer.ChannelNumberlabel][/COLOR][COLOR white][B]$INFO[VideoPlayer.ChannelName,  ][/B][/COLOR]</label>
			</control>
			<control type="label"><!--color-fecha-->
				<left>202</left>
				<top>120</top>
				<width>800</width>
				<height>60</height>
				<!--<font>font16</font>-->
				<font>ctouch22</font>
				<!--<textcolor>$VAR[ThemeLabelColor]</textcolor> s-->
			<textcolor>listselected-text</textcolor>
				<!--<label>$INFO[ListItem.StartDate]</label>silvo-->
				<!--<label>$INFO[System.Date(DDD)], $INFO[System.Date(d)] $INFO[System.Date(mmm)] $INFO[System.Date(yyyy)] • $INFO[System.Time]</label>-->
			    <label>$INFO[Container(11).ListItem.StartDate]</label>
			</control>
			<control type="fixedlist" id="11">
				<top>200</top>
				<width>937</width>
				<height>880</height>
				<onleft>Dialog.Close(pvrchannelguide)</onleft>
				<onright>60</onright>
				<onup>11</onup>
				<ondown>11</ondown>
				<viewtype label="535">list</viewtype>
				<pagecontrol>60</pagecontrol>
				<scrolltime tween="quadratic" easing="out">200</scrolltime>
				<movement>5</movement>
				<focusposition>4</focusposition>
				<itemlayout height="80">
					<control type="label">
						<left>15</left>
						<width>700</width>
						<height>40</height>
				<font>ctouch20</font> <!--!important color hora-programa emitiendo ahora de la guia del canal-->
			<textcolor>white</textcolor><!--text normal black-->
				<selectedcolor>white</selectedcolor>
						<label>$INFO[ListItem.StartTime]$INFO[ListItem.Label, - ]</label>
						<animation effect="slide" end="45" time="0" condition="[ListItem.HasTimer | ListItem.IsRecording]">Conditional</animation>
					</control>
					<control type="label">
						<left>15</left>
						<top>40</top>
						<width>700</width>
						<height>40</height>
					<!--<font>font14</font>-->
					<font>ctouch18</font>
						<!--<textcolor>grey2</textcolor>-->
						<textcolor>white</textcolor>
					 <selectedcolor>listselected-text</selectedcolor>
						<label>$VAR[EpisodeCountVar,, - ]$INFO[VideoPlayer.EpisodeName]</label>
					</control>
					<control type="image">
						<top>-2</top>
						<width>48</width>
						<height>48</height>
						<texture>$VAR[PVRChannelStatusIcon]</texture>
				<!--<texture background="true" fallback="DefaultTVShows.png">$INFO[VideoPlayer.Cover]</texture>-->
						<animation effect="fade" start="100" end="40" time="2000" pulse="true" condition="ListItem.IsRecording">Conditional</animation>
					</control>
				</itemlayout>
				<focusedlayout height="160"><!--textura en lineas en movimiento-->
					<control type="image">
						<width>937</width>
						<height>160</height>
					<textcolor>$VAR[AccentColor]</textcolor>
					<font>ctouch23</font>
						<!--<texture colordiffuse="$VAR[HighlightBarColor]" border="4">listselect_fo.png</texture>s-->
				<!--<font>ctouch21</font>
				<textcolor>$VAR[AccentColor]</textcolor>-->
				<!--<texture colordiffuse="CCFFFFFF" border="40">backtransparent.png</texture>	-->
						<visible>Control.HasFocus(11)</visible>
						<include>VisibleFadeAnimation</include>
				<texture border="9">button-default-focus.png</texture>
					
					</control>
					<control type="group">
						<animation effect="slide" end="0,-15" time="0" condition="[!String.IsEmpty(VideoPlayer.Season) | !String.IsEmpty(VideoPlayer.Episode) | !String.IsEmpty(VideoPlayer.EpisodeName)]">Conditional</animation>
						<control type="label">
							<left>10</left>
							<top>5</top>
							<width>700</width>
							<height>60</height>
							<!--<font>font15</font>-->
						<font>ctouch19</font>
						
						<selectedcolor>listselected-text</selectedcolor>
							<!--<textcolor>$VAR[ThemeLabelColor]</textcolor>-->
							<label>$INFO[ListItem.StartTime]$INFO[ListItem.Label, - ]</label>
							<animation effect="slide" end="45" time="0" condition="[ListItem.HasTimer | ListItem.IsRecording]">Conditional</animation>
						</control>
						<control type="label">
							<left>570</left>
							<top>5</top>
							<width>350</width>
							<height>60</height>
							<!--<font>font12</font>-->
						<font>ctouch18</font>
							<align>right</align>
							<!--<label>$VAR[ItemDurationVar]</label>--><!--durada item seleccionat blanc fons semitrans-->
					    <selectedcolor>button-text</selectedcolor>
					    <!--<label>$INFO[ListItem.Duration(mins),, $LOCALIZE[12391]]</label>-->
					<label>$INFO[ListItem.Duration(mins),, </label><!--obre panel fullscren ¿ -->
						<!--onclick prova tancar per veure millor dialog info ?¿-->
						<onclick>Dialog.Close(pvrchannelguide)</onclick>
						
						</control>
					</control>
					<control type="label">
						<left>10</left>
						<top>28</top>
						<width>700</width>
						<height>60</height>
					<font>ctouch18</font>
						<label>$VAR[EpisodeCountVar,, - ]$INFO[VideoPlayer.EpisodeName]</label>
					<texture colordiffuse="black" border="40">backtransparent.png</texture><!--mediamenu_back.png-->
					</control>
					<control type="textbox">
						<top>75</top>
						<left>10</left>
						<width>907</width>
						<height>80</height>
						<font>font14</font>
						<textcolor>grey</textcolor>
						<align>justify</align>
						<label>$INFO[ListItem.PlotOutline]</label>
						<autoscroll time="3000" delay="4000" repeat="5000">true</autoscroll>
						<visible>!String.IsEmpty(ListItem.PlotOutline) + !String.IsEqual(ListItem.PlotOutline,N/A)</visible>
					</control>
					<control type="textbox">
						<top>75</top>
						<left>15</left>
						<width>907</width>
						<height>80</height>
						<font>font14</font>
						<textcolor>grey</textcolor>
						<align>justify</align>
						<label>$INFO[ListItem.Plot]</label>
						<autoscroll time="3000" delay="4000" repeat="5000">true</autoscroll>
						<visible>String.IsEmpty(ListItem.PlotOutline) | String.IsEqual(ListItem.PlotOutline,N/A)</visible>
					</control>
					<control type="image">
						<top>-2</top>
						<width>48</width>
						<height>48</height>
						<texture>$VAR[PVRChannelStatusIcon]</texture>
						<animation effect="fade" start="100" end="40" time="2000" pulse="true" condition="ListItem.IsRecording">Conditional</animation>
					</control>
				</focusedlayout>
			</control>
			<!--<control type="scrollbar" id="60">
				<left>935</left>
				<top>215</top>
				<width>14</width>
				<height>840</height>
				<showonepage>false</showonepage>
				<texturesliderbackground />
				<texturesliderbar colordiffuse="80FFFFFF" border="1">scrollbar/texturesliderbar2.png</texturesliderbar>
				<texturesliderbarfocus colordiffuse="$VAR[ThemeLabelColor]" border="1">scrollbar/texturesliderbar2.png</texturesliderbarfocus>
				<onleft>11</onleft>
				<onright>Dialog.Close(pvrchannelguide)</onright>
				<ondown>61</ondown>
				<onup>61</onup>
			<animation condition="!Control.HasFocus(60) + !Container.Scrolling + !String.IsEqual(Skin.String(show-scrollbar),$LOCALIZE[31875])" effect="fade" start="100" end="0" time="200" reversible="true">Conditional</animation>
			</control>-->
			<control type="scrollbar" id="60">
				<left>935</left>
				<top>215</top>
				<width>14</width>
				<height>840</height>
				<onleft>11</onleft>
				<onright>Dialog.Close(pvrchannelguide)</onright>
				<ondown>61</ondown>
				<onup>61</onup>
				<animation condition="!Control.HasFocus(60) + !Container.Scrolling + !String.IsEqual(Skin.String(show-scrollbar),$LOCALIZE[31875])" effect="fade" start="100" end="0" time="200" reversible="true">Conditional</animation>
				<visible>$EXP[isEnabledScrollbar]</visible>
			</control>
			
		</control>
	</controls>
</window>