<?xml version="1.0" encoding="utf-8"?>
<window>
	<defaultcontrol always="true">7</defaultcontrol>
	<controls>
		<include>background</include>
		<!--<include>hora</include>-->
		<!--<include>touch-controls</include>-->
		<control type="group">
		<!--añado imagen de fondo para evitar transparencia -->
		   <control type="image">
			<width>100%</width>
			<height>100%</height>
			<texture colordiffuse="black" border="40">backtransparent.png</texture>
			</control>
			<control type="image">
				<left>90</left>
				<top>245</top>
				<width>297</width>
				<height>440</height>
				<texture background="true">diffuse/bigposter_shadow.png</texture>
				<aspectratio scalediffuse="false">stretch</aspectratio>
				<visible>!String.IsEmpty(Window.Property(IsRadio))</visible>
			</control>
			<control type="image">
				<left>90</left>
				<top>245</top>
				<width>297</width>
				<height>440</height>
				<texture background="true" fallback="defaultaddonpvrclient.png" diffuse="diffuse/bigposter.png">$VAR[PVRIcon]</texture>
				<aspectratio scalediffuse="false" align="center" aligny="center">scale</aspectratio>
				<bordersize>5</bordersize>
				<visible>!String.IsEmpty(Window.Property(IsRadio))</visible>
			</control>
			<control type="image">
				<left>90</left>
				<top>245</top>
				<width>297</width>
				<height>440</height>
				<texture background="true">diffuse/bigposter_shadow.png</texture>
				<aspectratio scalediffuse="false">stretch</aspectratio>
				<visible>String.IsEmpty(Window.Property(IsRadio))</visible>
			</control>
			<control type="image">
				<left>90</left>
				<top>245</top>
				<width>297</width>
				<height>440</height>
				<texture background="true" fallback="defaultaddonpvrclient.png" diffuse="diffuse/bigposter.png">$VAR[PVRIcon]</texture>
				<aspectratio scalediffuse="false" align="center" aligny="center">scale</aspectratio>
				<bordersize>5</bordersize>
				<visible>String.IsEmpty(Window.Property(IsRadio))</visible>
			</control>
			<control type="label">
				<!-- PVR Program name -->
				<left>570</left>
				<top>110</top>
				<width>1290</width>
				<height>108</height>
				<font>ctouch30w</font>
				<label>$INFO[ListItem.Label]</label>
				<wrapmultiline>true</wrapmultiline>
				<aligny>center</aligny>
				<include condition="Skin.HasSetting(text-autoscroll)">scrolltext</include>
			</control>
			<control type="label">
				<!-- Channel name -->
				<left>50</left>
				<top>150</top>
				<width>490</width>
				<height>33</height>
				<font>ctouch22</font>
				<label>$INFO[ListItem.ChannelName]</label>
				<textcolor>disabled-text</textcolor>
				<shadowcolor>shadow-text</shadowcolor>
				<include condition="Skin.HasSetting(text-autoscroll)">scrolltext</include>
			</control>
			<control type="image">
				<left>50</left>
				<top>200</top>
				<width>1810</width>
				<height>25</height>
				<texture flipy="true">sep2.png</texture>
			</control>
			<control type="textbox" id="1122">
				<!-- PVR program description -->
				<left>570</left>
				<top>225</top>
				<width>1290</width>
				<height>270</height>
				<label>$VAR[ListPlotLong]</label>
				<font>ctouch20</font>
				<align>justify</align>
				<pagecontrol>1123</pagecontrol>
			</control>
			<control type="scrollbar" id="1123">
				<!-- PVR program description scrollbar -->
				<left>1869</left>
				<top>250</top>
				<width>18</width>
				<height>250</height>
				<onup>1123</onup>
				<onright>1123</onright>
				<onleft>9000</onleft>
				<ondown>9000</ondown>
				<animation condition="!Control.HasFocus(1123) + !Container.Scrolling + !String.IsEqual(Skin.String(show-scrollbar),$LOCALIZE[31875])" effect="fade" start="100" end="0" time="200" reversible="true">Conditional</animation>
				<visible>$EXP[isEnabledScrollbar]</visible>
			</control>
			<control type="image">
				<left>570</left>
				<top>515</top>
				<width>1290</width>
				<height>18</height>
				<texture>sep2.png</texture>
			</control>
			<control type="group">
				<control type="list" id="49">
					<left>570</left>
					<top>535</top>
					<width>1290</width>
					<height>225</height>
					<onleft>49</onleft>
					<onright>49</onright>
					<onup>1123</onup>
					<ondown>10</ondown>
					<pagecontrol>noop</pagecontrol>
					<scrolltime>200</scrolltime>
					<itemlayout width="1290" height="45">
						<control type="label">
							<left>0</left>
							<top>0</top>
							<width>240</width>
							<height>45</height>
							<font>ctouch20</font>
							<align>left</align>
							<aligny>center</aligny>
							<label>$INFO[ListItem.Label]</label>
						</control>
						<control type="label">
							<left>262</left>
							<top>0</top>
							<width>1028</width>
							<height>45</height>
							<font>ctouch20</font>
							<aligny>left</aligny>
							<label>$INFO[ListItem.Label2]</label>
						</control>
					</itemlayout>
					<focusedlayout width="1290" height="45">
						<control type="label">
							<left>0</left>
							<top>0</top>
							<width>240</width>
							<height>45</height>
							<font>ctouch20</font>
							<align>left</align>
							<aligny>center</aligny>
							<label>$INFO[ListItem.Label]</label>
						</control>
						<control type="label">
							<left>262</left>
							<top>0</top>
							<width>1028</width>
							<height>45</height>
							<font>ctouch20</font>
							<aligny>left</aligny>
							<label>$INFO[ListItem.Label2]</label>
						</control>
					</focusedlayout>
					<content>
						<item>
							<label>$LOCALIZE[180]:</label>
							<label2>$VAR[ListitemDuration]</label2>
						</item>
						<item>
							<label>$LOCALIZE[552]:</label>
							<label2>$INFO[ListItem.StartDate]</label2>
						</item>
						<item>
							<label>$LOCALIZE[142]</label>
							<label2>$INFO[ListItem.StartTime]</label2>
						</item>
						<item>
							<label>$LOCALIZE[135]:</label>
							<label2>$INFO[ListItem.Genre]</label2>
						</item>
					</content>
				</control>
			</control>
			<control type="image">
				<left>570</left>
				<top>735</top>
				<width>1350</width>
				<height>18</height>
				<texture flipy="true">sep2.png</texture>
			</control>
			<control type="grouplist" id="9000">
				<!-- Option buttons -->
				<left>570</left>
				<top>800</top>
				<width>1320</width>
				<height>144</height>
				<orientation>horizontal</orientation>
				<itemgap>22</itemgap>
				<align>left</align>
				<onleft>1005</onleft>
				<onright>1005</onright>
				<onup>80001</onup>
				<ondown condition="Integer.IsGreaterOrEqual(Container(950).NumItems,1)">950</ondown>
				<ondown condition="Integer.IsLess(Container(950).NumItems,1)">1005</ondown>
				<control type="button" id="7">
					<!-- OK button -->
					<label>$LOCALIZE[186]</label>
					<width>280</width>
					<height>70</height>
					<font>ctouch18</font>
					<align>center</align>
					<texturefocus colordiffuse="$VAR[AccentColor]">button-default-focus_back.png</texturefocus>
					<texturenofocus>button-default-focus.png</texturenofocus>
				</control>
				<control type="button" id="6">
					<!-- Record button -->
					<label>$LOCALIZE[24022]</label>
					<width>280</width>
					<height>70</height>
					<font>ctouch18</font>
					<align>center</align>
					<texturefocus colordiffuse="$VAR[AccentColor]">button-default-focus_back.png</texturefocus>
					<texturenofocus>button-default-focus.png</texturenofocus>
					<visible>Window.IsActive(PVRGuideInfo)</visible>
				</control>
				<control type="button" id="9">
					<!-- Timer button -->
					<label>$LOCALIZE[19061]</label>
					<width>280</width>
					<height>70</height>
					<font>ctouch18</font>
					<align>center</align>
					<texturefocus colordiffuse="$VAR[AccentColor]">button-default-focus_back.png</texturefocus>
					<texturenofocus>button-default-focus.png</texturenofocus>
					<visible>Window.IsActive(PVRGuideInfo)</visible>
				</control>
				<control type="button" id="5">
					<!-- Switch channel button -->
					<label>$LOCALIZE[19165]</label>
					<width>280</width>
					<height>70</height>
					<font>ctouch18</font>
					<align>center</align>
					<texturefocus colordiffuse="$VAR[AccentColor]">button-default-focus_back.png</texturefocus>
					<texturenofocus>button-default-focus.png</texturenofocus>
					<visible>Window.IsActive(PVRGuideInfo)</visible>
				</control>
				<control type="button" id="4">
					<!-- Similar button -->
					<label>$LOCALIZE[19003]</label>
					<width>280</width>
					<height>70</height>
					<font>ctouch18</font>
					<align>center</align>
					<texturefocus colordiffuse="$VAR[AccentColor]">button-default-focus_back.png</texturefocus>
					<texturenofocus>button-default-focus.png</texturenofocus>
					<visible>Window.IsActive(PVRGuideInfo)</visible>
				</control>
				<control type="button" id="8">
					<!-- Play button -->
					<label>$LOCALIZE[19687]</label>
					<width>280</width>
					<height>70</height>
					<font>ctouch18</font>
					<align>center</align>
					<texturefocus colordiffuse="$VAR[AccentColor]">button-default-focus_back.png</texturefocus>
					<texturenofocus>button-default-focus.png</texturenofocus>
					<visible>Window.IsActive(PVRRecordingInfo)</visible>
				</control>
			</control>
			<control type="group">
				<!-- Markers for control area items -->
				<visible>Control.IsVisible(950)</visible>
				<include content="page-offscreen-horizontal">
					<param name="indicator1left" value="30"/>
					<param name="indicator1top" value="870"/>
					<param name="indicator2left" value="1866"/>
					<param name="indicator2top" value="870"/>
					<param name="indicatorsize" value="24"/>
					<param name="indicatorcontainer" value="950"/>
				</include>
			</control>
			<!-- Play bump sound if user tries to leave button bar by undefined direction -->
			<include content="illegal-action">
				<param name="controlid" value="1005" />
				<param name="returnid" value="9000" />
			</include>

			<!-- Play bump sound if user tries to leave recordings widget by undefined direction -->
			<include content="illegal-action">
				<param name="controlid" value="1010" />
				<param name="returnid" value="950" />
			</include>
		</control>
	</controls>
</window>