<?xml version="1.0" encoding="utf-8"?>
<includes>
	<include name="PVRTimelineView">
		<include>background</include>
		<control type="group">
			<!-- TV guide timeline -->
			<visible>Control.IsVisible(10) + Integer.IsGreater(Container(10).NumItems,0)</visible>
			<control type="epggrid" id="10">
				<!-- EPG grid -->
				<viewtype label="19032">list</viewtype>
				<left>40</left>
				<top>150</top>
				<width>1840</width>
				<height>530</height>
				<pagecontrol>60</pagecontrol>
				<scrolltime>300</scrolltime>
				<timeblocks>21</timeblocks>
				<progresstexture border="0,13.5,4,0" colordiffuse="$VAR[AccentColor]">progress-timeline.png</progresstexture>
				<rulerunit>3</rulerunit>
				<onleft>9000</onleft>
				<onright>60</onright>
				<onup>Control.SetFocus(80001,$INFO[Container(10).Position])</onup>
				<ondown>10</ondown>
				<rulerlayout height="70" width="60">
					<control type="image" id="1">
						<left>0</left>
						<top>-10</top>
						<width>60</width>
						<height>62</height>
						<texture>blank.png</texture>
					</control>
					<control type="label" id="2">
						<left>15</left>
						<top>-10</top>
						<width>51</width>
						<height>54</height>
						<font>ctouch18</font>
						<selectedcolor>listselected-text</selectedcolor>
						<label>$INFO[ListItem.Label]</label>
					</control>
				</rulerlayout>
				<channellayout height="78" width="450">
					<animation effect="fade" start="110" time="200">UnFocus</animation>
					<control type="image" id="1">
						<left>0</left>
						<top>0</top>
						<width>447</width>
						<height>78</height>
						<texture>colours/grey.png</texture>
						<colordiffuse>darkgrey</colordiffuse>
					</control>
					<control type="image">
						<left>6</left>
						<top>6</top>
						<width>60</width>
						<height>60</height>
						<texture>$VAR[PVRIcon]</texture>
					</control>
					<control type="label" id="1">
						<left>6</left>
						<top>6</top>
						<width>60</width>
						<height>60</height>
						<font>ctouch20</font>
						<align>center</align>
						<selectedcolor>listselected-text</selectedcolor>
						<label>$INFO[ListItem.ChannelNumberLabel]</label>
						<visible>$EXP[isEmptyIcon]</visible>
					</control>
					<control type="label" id="1">
						<left>85</left>
						<top>0</top>
						<width>350</width>
						<height>78</height>
						<font>ctouch20</font>
						<selectedcolor>listselected-text</selectedcolor>
						<label>$INFO[ListItem.ChannelName]</label>
					</control>
				</channellayout>
				<focusedchannellayout height="78" width="450">
					<animation effect="fade" start="110" time="200">OnFocus</animation>
					<control type="image" id="1">
						<left>0</left>
						<top>0</top>
						<width>447</width>
						<height>78</height>
						<texture>colours/blue.png</texture>
						<colordiffuse>$VAR[AccentColor]</colordiffuse>
					</control>
					<control type="image">
						<left>6</left>
						<top>6</top>
						<width>60</width>
						<height>60</height>
						<texture>$VAR[PVRIcon]</texture>
					</control>
					<control type="label" id="1">
						<left>6</left>
						<top>6</top>
						<width>60</width>
						<height>60</height>
						<font>ctouch20</font>
						<align>center</align>
						<selectedcolor>listselected-text</selectedcolor>
						<label>$INFO[ListItem.ChannelNumberLabel]</label>
						<visible>$EXP[isEmptyIcon]</visible>
					</control>
					<control type="label" id="1">
						<left>85</left>
						<top>0</top>
						<width>350</width>
						<height>78</height>
						<font>ctouch20</font>
						<selectedcolor>listselected-text</selectedcolor>
						<label>$INFO[ListItem.ChannelName]</label>
					</control>
				</focusedchannellayout>
				<itemlayout height="78" width="60">
					<control type="image" id="2">
						<left>0</left>
						<top>0</top>
						<width>60</width>
						<height>78</height>
						<aspectratio>stretch</aspectratio>
						<texture border="4">$INFO[ListItem.Property(GenreType),epg-genres/,.png]</texture>
						<colordiffuse>darkgrey</colordiffuse>
					</control>
					<control type="label" id="1">
						<left>26</left>
						<top>0</top>
						<width>10</width>
						<height>72</height>
						<font>ctouch18</font>
						<selectedcolor>listselected-text</selectedcolor>
						<wrapmultiline>true</wrapmultiline>
						<label>$INFO[ListItem.Label]</label>
					</control>
					<control type="image">
						<left>2</left>
						<top>29</top>
						<width>20</width>
						<height>20</height>
						<texture>$VAR[PVROverlay]</texture>
					</control>
				</itemlayout>
				<focusedlayout height="78" width="60">
					<control type="image" id="14">
						<left>0</left>
						<top>0</top>
						<width>60</width>
						<height>78</height>
						<texture>colours/blue.png</texture>
						<colordiffuse>$VAR[AccentColor]</colordiffuse>
					</control>
					<control type="image" id="2">
						<left>0</left>
						<top>0</top>
						<width>60</width>
						<height>78</height>
						<aspectratio>stretch</aspectratio>
						<texture>colours/blue.png</texture>
						<colordiffuse>$VAR[AccentColor]</colordiffuse>
					</control>
					<control type="label" id="1">
						<left>26</left>
						<top>0</top>
						<width>10</width>
						<height>72</height>
						<font>ctouch18</font>
						<selectedcolor>listselected-text</selectedcolor>
						<include condition="Skin.HasSetting(text-autoscroll)">scrolltext</include>
						<wrapmultiline>true</wrapmultiline>
						<label>$INFO[ListItem.Label]</label>
					</control>
					<control type="image">
						<left>2</left>
						<top>29</top>
						<width>20</width>
						<height>20</height>
						<texture>$VAR[PVROverlay]</texture>
					</control>
				</focusedlayout>
			</control>
			<control type="image">
				<top>125</top>
				<left>40</left>
				<width>1840</width>
				<height>25</height>
				<texture>sep2.png</texture>
			</control>
			<control type="image">
				<top>672</top>
				<left>0</left>
				<width>1920</width>
				<height>30</height>
				<texture flipy="true">sep2.png</texture>
			</control>
			<control type="scrollbar" id="60">
				<left>1890</left>
				<top>201</top>
				<width>18</width>
				<height>630</height>
				<onleft>10</onleft>
				<animation condition="!Control.HasFocus(60) + !Container.Scrolling + [!String.IsEqual(Skin.String(show-scrollbar),$LOCALIZE[31875]) | !$EXP[isEnabledTouch]]" effect="fade" start="100" end="0" time="200" reversible="true">Conditional</animation>
				<visible>$EXP[isEnabledScrollbar] | $EXP[isEnabledTouch]</visible>
			</control>
			<control type="label">
				<left>45</left>
				<top>730</top>
				<width>1300</width>
				<height>44</height>
				<label>$INFO[ListItem.Title]$INFO[ListItem.EpisodeName, (,)]</label>
				<font>ctouch20</font>
			</control>
			<control type="label">
				<!-- Start time -->
				<visible>!String.IsEmpty(ListItem.StartTime)</visible>
				<left>750</left>
				<top>738</top>
				<width>1125</width>
				<height>30</height>
				<align>right</align>
				<font>ctouch18</font>
				<label>$LOCALIZE[19126] $INFO[ListItem.StartTime] • Hora final $INFO[ListItem.EndTime]</label>
			</control>
			<control type="image">
				<top>772</top>
				<left>40</left>
				<width>1840</width>
				<height>30</height>
				<texture flipy="true">sep2.png</texture>
			</control>
			<control type="image">
				<left>45</left>
				<top>802</top>
				<width>360</width>
				<height>220</height>
				<texture fallback="icon-livetv.png">$VAR[PVRIcon]</texture>
				<aspectratio>keep</aspectratio>
			</control>			
			<control type="textbox">
				<!-- Plot -->
				<left>420</left>
				<top>802</top>
				<width>1440</width>
				<height>220</height>
				<font>ctouch18</font>
				<label>$INFO[ListItem.Plot]</label>
				<visible>!String.IsEmpty(ListItem.Plot)</visible>
			</control>
		</control>
	</include>
	<include name="PVRTimerListView">
		<control type="group">
			<!-- Timers group -->
			<visible>Control.IsVisible(14)</visible>
			<control type="group">
				<left>30</left>
				<top>90</top>
				<control type="label">
					<!-- Channel heading -->
					<left>22</left>
					<top>30</top>
					<width>420</width>
					<height>38</height>
					<label>$LOCALIZE[19029]</label>
				</control>
				<control type="label">
					<!-- Title heading -->
					<left>472</left>
					<top>30</top>
					<width>458</width>
					<height>38</height>
					<label>$LOCALIZE[369]</label>
				</control>
				<control type="label">
					<!-- Schedule time heading -->
					<left>960</left>
					<top>30</top>
					<width>450</width>
					<height>38</height>
					<label>$LOCALIZE[19225]</label>
				</control>
				<control type="label">
					<!-- Status heading -->
					<left>1665</left>
					<top>30</top>
					<width>225</width>
					<height>38</height>
					<align>center</align>
					<label>$LOCALIZE[126]</label>
				</control>
				<control type="image">
					<left>0</left>
					<top>75</top>
					<width>1860</width>
					<height>6</height>
					<texture>separator.png</texture>
				</control>
			</control>
			<control type="list" id="14">
				<left>30</left>
				<top>180</top>
				<width>1860</width>
				<height>750</height>
				<onleft condition="Skin.HasSetting(lock-screensettings)">noop</onleft>
				<onleft condition="!Skin.HasSetting(lock-screensettings)">9000</onleft>
				<onright condition="String.IsEqual(Skin.String(show-scrollbar),$LOCALIZE[31877])">noop</onright>
				<onright condition="!String.IsEqual(Skin.String(show-scrollbar),$LOCALIZE[31877])">27</onright>
				<onup>14</onup>
				<ondown>14</ondown>
				<viewtype label="536">list</viewtype>
				<pagecontrol>27</pagecontrol>
				<preloaditems>4</preloaditems>
				<itemlayout height="75">
					<control type="image">
						<left>0</left>
						<top>0</top>
						<width>1860</width>
						<height>75</height>
						<texture border="9" colordiffuse="midgrey">button-default.png</texture>
					</control>
					<control type="label">
						<left>22</left>
						<top>0</top>
						<width>420</width>
						<height>75</height>
						<font>ctouch23</font>
						<label>$INFO[ListItem.ChannelName]</label>
					</control>
					<control type="label">
						<left>472</left>
						<top>0</top>
						<width>458</width>
						<height>75</height>
						<font>ctouch23</font>
						<label>$INFO[ListItem.Label]</label>
					</control>
					<control type="label">
						<left>950</left>
						<top>0</top>
						<width>100</width>
						<height>75</height>
						<font>ctouch23</font>
						<label>$INFO[System.Time]</label>
					</control>					
					<control type="label">
						<left>1060</left>
						<top>0</top>
						<width>675</width>
						<height>75</height>
						<font>ctouch23</font>
						<label>$INFO[ListItem.Date]</label>
					</control>
					<control type="image">
						<left>1755</left>
						<top>14</top>
						<width>48</width>
						<height>48</height>
						<texture>groupfocused.png</texture>
						<visible>!String.IsEqual(ListItem.Comment,$LOCALIZE[305]) + !String.IsEmpty(ListItem.ChannelName)</visible>
					</control>
					<control type="image">
						<left>1755</left>
						<top>14</top>
						<width>48</width>
						<height>48</height>
						<texture>OverlayUnwatched.png</texture>
						<visible>String.IsEqual(ListItem.Comment,$LOCALIZE[305]) + !String.IsEmpty(ListItem.ChannelName)</visible>
					</control>
				</itemlayout>
				<focusedlayout height="75">
					<control type="image">
						<left>0</left>
						<top>0</top>
						<width>1860</width>
						<height>75</height>
						<texture border="9">button-default-focus.png</texture>
					</control>
					<control type="label">
						<left>22</left>
						<top>0</top>
						<width>420</width>
						<height>75</height>
						<font>ctouch23</font>
						<label>$INFO[ListItem.ChannelName]</label>
					</control>
					<control type="label">
						<left>472</left>
						<top>0</top>
						<width>458</width>
						<height>75</height>
						<font>ctouch23</font>
						<label>$INFO[ListItem.Label]</label>
					</control>
					<control type="label">
						<left>960</left>
						<top>0</top>
						<width>675</width>
						<height>75</height>
						<font>ctouch23</font>
						<label>$INFO[ListItem.Date]</label>
					</control>
					<control type="image">
						<left>1755</left>
						<top>14</top>
						<width>48</width>
						<height>48</height>
						<texture>groupfocused.png</texture>
						<visible>!String.IsEqual(ListItem.Comment,$LOCALIZE[305]) + !String.IsEmpty(ListItem.ChannelName)</visible>
					</control>
					<control type="image">
						<left>1755</left>
						<top>14</top>
						<width>48</width>
						<height>48</height>
						<texture>OverlayUnwatched.png</texture>
						<visible>String.IsEqual(ListItem.Comment,$LOCALIZE[305]) + !String.IsEmpty(ListItem.ChannelName)</visible>
					</control>
				</focusedlayout>
			</control>
			<control type="group">
				<visible>PVR.HasTimer</visible>
				<control type="label">
					<left>30</left>
					<top>960</top>
					<width>1860</width>
					<height>38</height>
					<align>center</align>
					<label>$INFO[PVR.NextTimer]</label>
				</control>
			</control>
			<control type="scrollbar" id="27">
				<left>1872</left>
				<top>180</top>
				<width>18</width>
				<height>750</height>
				<onleft>14</onleft>
				<animation condition="!Control.HasFocus(27) + !Container.Scrolling + !String.IsEqual(Skin.String(show-scrollbar),$LOCALIZE[31875])" effect="fade" start="100" end="0" time="200" reversible="true">Conditional</animation>
				<visible>$EXP[isEnabledScrollbar]</visible>
			</control>
		</control>
	</include>
	<include name="PVRListView">
		<control type="group">
			<visible>Control.IsVisible(50) + Integer.IsGreater(Container(50).NumItems,0)</visible>
			<control type="group">
		<control type="panel" id="50">
			<left>45</left>
			<top>-5</top>
			<width>100%</width>
			<height>750</height>
			<onleft>$VAR[ListScrollNavSets]</onleft>
			<onup condition="!Skin.HasSetting(menuoculto)">Control.SetFocus(80001,$INFO[Container(50).Position])</onup>
			<onup condition="Skin.HasSetting(menuoculto) + !Player.HasVideo">50</onup>
			<onup condition="Skin.HasSetting(menuoculto) + Player.HasVideo">Control.SetFocus(70001,$INFO[Container(50).Position])</onup>
			<ondown>50</ondown>
			<onright>27</onright>
			<pagecontrol>27</pagecontrol>
			<itemlayout height="320" width="470">
				<control type="image">
					<left>10</left>
					<top>135</top>
					<width>410</width>
					<height>280</height>
					<texture background="true">diffuse/landscape_shadow.png</texture>
					<aspectratio scalediffuse="false">stretch</aspectratio>
					<visible>$EXP[isnotParentFolder]</visible>	
				</control>	
				<control type="image">
					<left>10</left>
					<top>140</top>
					<width>400</width>
					<height>270</height>
					<aspectratio scalediffuse="false" align="center" aligny="center">scale</aspectratio>
					<texture diffuse="diffuse/landscape.png" background="true" fallback="DefaultVideo.png">$VAR[IconPoster]</texture>
					<bordersize>5</bordersize>											
					<visible>String.IsEmpty(ListItem.Art(thumb))</visible>
				</control>
				<control type="image">
					<left>10</left>
					<top>140</top>
					<width>400</width>
					<height>270</height>
					<aspectratio scalediffuse="false" align="center" aligny="center">scale</aspectratio>
					<texture diffuse="diffuse/landscape.png" background="true" fallback="DefaultVideo.png">$VAR[IconPoster]</texture>
					<bordersize>5</bordersize>											
					<visible>!String.IsEmpty(ListItem.Art(thumb))</visible>
				</control>			
					<control type="image">
						<top>145</top>
						<right>65</right>
						<width>50</width>
						<height>50</height>
						<texture>$VAR[Overlay_Corner]</texture>
					</control>																							
					<control type="image">
						<!-- Watched Overlay -->
						<right>65</right>
						<top>145</top>
						<width>28</width>
						<height>28</height>
						<texture>$VAR[Overlay]</texture>
					</control>
					<include content="listitem-count">
						<param name="left" value="407" />
						<param name="top" value="155" />
						<param name="count" value="ListItem.Property(UnwatchedEpisodes)" />
						<param name="size" value="65" />
					</include>
			</itemlayout>
			<itemlayout height="320" width="470">
				<control type="image">
					<left>10</left>
					<top>140</top>
					<width>400</width>
					<height>270</height>
					<aspectratio scalediffuse="true" align="center" aligny="center">scale</aspectratio>
					<texture diffuse="diffuse/landscape" background="true" fallback="DefaultVideo.png">$VAR[IconPoster]</texture>
					<bordersize>5</bordersize>
				</control>
			</itemlayout>
			<focusedlayout height="320" width="470">
				<control type="group">
					<control type="image">
						<left>10</left>
						<top>140</top>
						<width>400</width>
						<height>270</height>
						<texture background="true">diffuse/landscape_shadow.png</texture>
						<aspectratio scalediffuse="false">stretch</aspectratio>
						<bordertexture diffuse="diffuse/landscape.png" colordiffuse="$VAR[AccentColor]">homeiconlite_landscape.png</bordertexture>
						<bordersize>5</bordersize>
					</control>	
					<control type="image">
						<left>10</left>
						<top>140</top>
						<width>400</width>
						<height>270</height>
						<aspectratio scalediffuse="false" align="center" aligny="center">scale</aspectratio>
						<texture diffuse="diffuse/landscape.png" background="true" fallback="DefaultVideo.png">$VAR[IconPoster]</texture>
						<bordersize>5</bordersize>												
						<visible>$EXP[isDefaultIcon]</visible>
					</control>
					<control type="image">
						<left>10</left>
						<top>140</top>
						<width>400</width>
						<height>270</height>
						<aspectratio scalediffuse="false" align="center" aligny="center">scale</aspectratio>
						<texture diffuse="diffuse/landscape.png" background="true" fallback="DefaultVideo.png">$VAR[IconPoster]</texture>
						<bordersize>5</bordersize>												
						<visible>$EXP[isnotParentFolder]</visible>
					</control>
					<control type="image">
						<left>10</left>
						<top>140</top>
						<width>400</width>
						<height>270</height>
						<aspectratio scalediffuse="false" align="center" aligny="center">scale</aspectratio>
						<texture diffuse="diffuse/landscape.png" background="true" fallback="DefaultVideo.png">$VAR[IconPoster]</texture>
						<visible>$EXP[isParentFolder]</visible>
						<bordersize>5</bordersize>
					</control>									
					<control type="image">
						<top>145</top>
						<right>65</right>
						<width>50</width>
						<height>50</height>
						<texture>$VAR[Overlay_Corner]</texture>
					</control>																							
					<control type="image">
						<!-- Watched Overlay -->
						<right>65</right>
						<top>145</top>
						<width>28</width>
						<height>28</height>
						<texture>$VAR[Overlay]</texture>
					</control>
					<include content="listitem-count">
						<param name="left" value="407" />
						<param name="top" value="155" />
						<param name="count" value="ListItem.Property(UnwatchedEpisodes)" />
						<param name="size" value="65" />
					</include>
				</control>
			</focusedlayout>
			<focusedlayout height="320" width="470" condition="Container.Content(addons) | Container.Content(musicvideos)">
				<control type="image">
					<left>10</left>
					<top>140</top>
					<width>430</width>
					<height>270</height>
					<aspectratio scalediffuse="true" align="center" aligny="center">scale</aspectratio>
					<texture diffuse="diffuse/landscape.png" background="true" fallback="DefaultVideo.png">$VAR[IconPoster]</texture>
				</control>
			</focusedlayout>
		</control>
				<control type="image">
					<left>55</left>
					<top>750</top>
					<width>1805</width>
					<height>25</height>
					<texture flipy="true">sep2.png</texture>
				</control>
				<control type="group">
					<!-- Current Icon/Channel playing -->
					<control type="grouplist">
						<visible>Control.IsVisible(50)</visible>
						<animation effect="fade" start="0" end="100" time="200" delay="100">Visible</animation>
						<left>55</left>
						<top>760</top>
						<width>1800</width>
						<height>900</height>
						<itemgap>5</itemgap>
						<control type="label">
							<label>$INFO[ListItem.Title] $INFO[ListItem.Season, (, $INFO[ListItem.Episode])]</label>
							<width>1800</width>
							<height>60</height>
							<font>ctouch20</font>
							<align>left</align>
							<wrapmultiline>true</wrapmultiline>
						</control>
						<control type="label">
							<!-- Start/End time -->
							<width>1800</width>
							<height>45</height>
							<font>ctouch18</font>
							<align>left</align>
							<label>$INFO[ListItem.StartTime] $INFO[ListItem.EndTime, - ,] $INFO[ListItem.StartDate]</label>
							<visible>!String.IsEmpty(ListItem.Plot) + !String.IsEmpty(ListItem.StartTime) + !String.IsEmpty(ListItem.EndTime)</visible>
						</control>
						<control type="textbox">
							<!-- Plot -->
							<top>30</top>	
							<width>1800</width>
							<height>147</height>
							<font>ctouch18</font>
							<align>justify</align>
							<textcolor>lightgrey</textcolor>
							<label>$INFO[ListItem.Plot]</label>
							<visible>!String.IsEmpty(ListItem.Plot)</visible>
						</control>
					</control>
				</control>
				<control type="scrollbar" id="27">
					<left>1892</left>
					<top>150</top>
					<width>18</width>
					<height>920</height>
					<onleft>50</onleft>
					<animation condition="!Control.HasFocus(27) + !Container.Scrolling + !String.IsEqual(Skin.String(show-scrollbar),$LOCALIZE[31875])" effect="fade" start="100" end="0" time="200" reversible="true">Conditional</animation>
					<visible>$EXP[isEnabledScrollbar]</visible>
				</control>
			</control>
		</control>
	</include>
	<include name="PVRSearchListView">
		<control type="group">
			<!-- TV search group -->
			<visible>Control.IsVisible(17)</visible>
			<control type="group">
				<left>120</left>
				<top>135</top>
				<control type="label">
					<!-- Channel -->
					<left>30</left>
					<top>30</top>
					<width>360</width>
					<height>36</height>
					<label>$LOCALIZE[19148]</label>
					<visible>Control.IsVisible(17)</visible>
				</control>
				<control type="label">
					<!-- Title -->
					<left>525</left>
					<top>30</top>
					<width>525</width>
					<height>36</height>
					<label>$LOCALIZE[369]</label>
					<visible>Control.IsVisible(17)</visible>
				</control>
				<control type="label">
					<!-- Time -->
					<left>1080</left>
					<top>30</top>
					<width>390</width>
					<height>36</height>
					<align>center</align>
					<label>$LOCALIZE[21820]</label>
					<visible>Control.IsVisible(17)</visible>
				</control>
				<control type="label">
					<!-- Status header -->
					<left>1455</left>
					<top>30</top>
					<width>210</width>
					<height>36</height>
					<align>center</align>
					<label>$LOCALIZE[126]</label>
					<visible>Control.IsVisible(17)</visible>
				</control>
				<control type="image">
					<left>0</left>
					<top>68</top>
					<width>1650</width>
					<height>6</height>
					<texture>separator.png</texture>
					<visible>Control.IsVisible(17)</visible>
				</control>
			</control>
			<control type="list" id="17">
				<left>72</left>
				<top>219</top>
				<width>1740</width>
				<height>759</height>
				<onleft condition="Skin.HasSetting(lock-screensettings)">noop</onleft>
				<onleft condition="!Skin.HasSetting(lock-screensettings)">9000</onleft>
				<onright condition="String.IsEqual(Skin.String(show-scrollbar),$LOCALIZE[31877])">noop</onright>
				<onright condition="!String.IsEqual(Skin.String(show-scrollbar),$LOCALIZE[31877])">27</onright>
				<onup>17</onup>
				<ondown>17</ondown>
				<viewtype label="536">list</viewtype>
				<pagecontrol>27</pagecontrol>
				<preloaditems>4</preloaditems>
				<itemlayout height="69">
					<control type="image">
						<left>0</left>
						<top>0</top>
						<width>1740</width>
						<height>69</height>
						<texture border="9" colordiffuse="midgrey">button-default.png</texture>
					</control>
					<control type="label">
						<left>78</left>
						<top>15</top>
						<width>360</width>
						<height>36</height>
						<font>ctouch23</font>
						<label>$INFO[ListItem.ChannelName]</label>
					</control>
					<control type="label">
						<left>573</left>
						<top>15</top>
						<width>525</width>
						<height>36</height>
						<font>ctouch23</font>
						<label>$INFO[ListItem.Label]</label>
					</control>
					<control type="label">
						<left>1311</left>
						<top>15</top>
						<width>390</width>
						<height>36</height>
						<font>ctouch23</font>
						<align>center</align>
						<label>$INFO[ListItem.Date]</label>
					</control>
					<control type="image">
						<left>1584</left>
						<top>10</top>
						<width>48</width>
						<height>48</height>
						<texture>$VAR[PVROverlay]</texture>
					</control>
				</itemlayout>
				<focusedlayout height="69">
					<control type="image">
						<left>0</left>
						<top>0</top>
						<width>1740</width>
						<height>69</height>
						<texture border="9">button-default-focus.png</texture>
					</control>
					<control type="label">
						<left>78</left>
						<top>15</top>
						<width>360</width>
						<height>36</height>
						<font>ctouch23</font>
						<label>$INFO[ListItem.ChannelName]</label>
					</control>
					<control type="label">
						<left>573</left>
						<top>15</top>
						<width>525</width>
						<height>36</height>
						<font>ctouch23</font>
						<label>$INFO[ListItem.Label]</label>
					</control>
					<control type="label">
						<left>1311</left>
						<top>15</top>
						<width>390</width>
						<height>36</height>
						<font>ctouch23</font>
						<align>center</align>
						<label>$INFO[ListItem.Date]</label>
					</control>
					<control type="image">
						<left>1584</left>
						<top>10</top>
						<width>48</width>
						<height>48</height>
						<texture>$VAR[PVROverlay]</texture>
					</control>
				</focusedlayout>
			</control>
			<control type="scrollbar" id="27">
				<left>1872</left>
				<top>219</top>
				<width>18</width>
				<height>759</height>
				<onleft>17</onleft>
				<animation condition="!Control.HasFocus(27) + !Container.Scrolling + !String.IsEqual(Skin.String(show-scrollbar),$LOCALIZE[31875])" effect="fade" start="100" end="0" time="200" reversible="true">Conditional</animation>
				<visible>$EXP[isEnabledScrollbar]</visible>
			</control>
		</control>
	</include>
</includes>