{
  "id": "doramasflix",
  "name": "Doramasflix",
  "active": true,
  "adult": false,
  "language": [
    "Subtitulado",
    "Latino",
    "Castellano",
    "Coreano",
    "Japonés",
    "Mandarín",
    "Tailandés",
    "Filipino",
    "Indonesio",
    "Vietnamita",
    "Portugués"
  ],
  "thumbnail": "https://i.imgur.com/t8rvNHg.png",
  "banner": "",
  "fanart": "",
  "categories": [
    "tvshow",
    "movie"
  ],
  "force_unify": true,
  "version": 1,
  "settings": [
    {
      "id": "include_in_global_search",
      "type": "bool",
      "label": "Incluir en busqueda global",
      "default": false,
      "enabled": true,
      "visible": true
    },
    {
      "id": "include_in_newest_series",
      "type": "bool",
      "label": "Incluir en Novedades - Series",
      "default": false,
      "enabled": true,
      "visible": true
    },
    {
      "id": "filter_languages",
      "type": "list",
      "label": "Mostrar enlaces en idioma...",
      "default": 0,
      "enabled": true,
      "visible": true,
      "lvalues": [
        "No filtrar",
        "Subtitulado",
        "Latino",
        "Castellano",
        "Coreano",
        "Japonés",
        "Mandarín",
        "Tailandés",
        "Filipino",
        "Indonesio",
        "Vietnamita",
        "Portugués"
      ]
    }
  ]
}

