<?xml version="1.0" encoding="UTF-8" standalone="yes"?>
<addon id="repository.luar" name="[COLOR lime]Repositorio Luar[/COLOR]" version="2.0.0" provider-name="The Dreamers">
    <extension point="xbmc.addon.repository" name="Luar official Repo">
    	<dir minversion="18.9.0">
		    <info compressed="false">https://raw.githubusercontent.com/Masterwine/Luar/master/repor/addons.xml</info>
		    <checksum>https://raw.githubusercontent.com/Masterwine/Luar/master/repor/addons.xml.md5</checksum>
		    <datadir zip="true">https://raw.githubusercontent.com/Masterwine/Luar/master/repor/</datadir>
	    </dir>
	</extension>
	<extension point="xbmc.addon.metadata">
		<summary></summary>
   		<description lang="en">[COLOR gold]Instala Luar[/COLOR]</description>
		<platform>all</platform>
		<assets>
            <icon>icon.gif</icon>
            <fanart>fanart.jpg</fanart>
        </assets>
	</extension>
</addon>