<?xml version="1.0" encoding="UTF-8" standalone="yes"?>
<addon id="repository.kodivertido_team" name="[COLOR gold]REpOsiTOriO[/COLOR][COLOR lime] KODIvertiDO[COLOR gold] TEAM[/COLOR]" version="2.0.0" provider-name="KODIvertiDO">
    <extension point="xbmc.addon.repository" name="KODIvertiDO_TEAM repo oficial del addon kodivertidoTeam TvCine">
    	<dir minversion="18.9.0">
		    <info compressed="false">https://raw.githubusercontent.com/mendelux/KODIvertiDO_TEAM/master/_repo/addons.xml</info>
		    <checksum>https://raw.githubusercontent.com/mendelux/KODIvertiDO_TEAM/master/_repo/addons.xml.md5</checksum>
		    <datadir zip="true">https://raw.githubusercontent.com/mendelux/KODIvertiDO_TEAM/master/_repo/</datadir>
	    </dir>
	</extension>
	<extension point="xbmc.addon.metadata">
		<summary>[COLOR gold]REpOsiTOriO[/COLOR][COLOR lime] KODIvertiDO[/COLOR][COLOR gold] TEAM[/COLOR] [COLOR green] Matrix[/COLOR]</summary>
   		<description lang="en">[COLOR gold]Instala los Addons de KODIvertiDO_TEAM.[/COLOR]</description>
		<platform>all</platform>
		<assets>
            <icon>icon.png</icon>
            <fanart>fanart.jpg</fanart>
        </assets>
	</extension>
</addon>