<?xml version="1.0" encoding="utf-8"?>
<window id="1155">
	<defaultcontrol>999</defaultcontrol>
	<controls>
		<include>background</include>
		<include>playerplay</include>
		<control type="label">
			<!-- Settings Label -->
			<left>90</left>
			<top>165</top>
			<width>465</width>
			<height>45</height>
			<label>$LOCALIZE[24001]</label>
			<textcolor>$VAR[AccentColor]</textcolor>
			<font>ctouch30w</font>
		</control>
		<control type="image">
			<!-- Dialog background image -->
			<left>50</left>
			<top>220</top>
			<width>1820</width>
			<height>730</height>
			<texture border="14" colordiffuse="midgrey">backtransparent.png</texture>
		</control>
		<control type="list" id="999">
			<viewtype label="31941">list</viewtype>
			<left>850</left>
			<top>240</top>
			<width>1000</width>
			<height>825</height>
			<onup>8000</onup>
			<ondown>999</ondown>
			<preloaditems>4</preloaditems>
			<pagecontrol>23</pagecontrol>
			<itemlayout width="840" height="100">
				<control type="image">
					<left>20</left>
					<top>25</top>
					<width>40</width>
					<height>40</height>
					<aspectratio>stretch</aspectratio>
					<texture background="true" fallback="DefaultAddon.png" colordiffuse="white" diffuse="mask-squ.png">$INFO[Container(999).Listitem.ActualIcon]</texture>
				</control>
				<control type="label">
					<left>90</left>
					<top>8</top>
					<width>798</width>
					<height>39</height>
					<font>ctouch22</font>
					<textoffsety>6</textoffsety>
					<aligny>top</aligny>
					<label>$INFO[ListItem.Label]</label>
				</control>
			</itemlayout>
			<focusedlayout width="840" height="100">
				<control type="image">
					<left>0</left>
					<top>0</top>
					<width>1000</width>
					<height>84</height>
					<texture border="9">button-default-focus.png</texture>
					<aspectratio>stretch</aspectratio>
					<bordertexture border="9" diffuse="button-default-focus_back.png" colordiffuse="$VAR[AccentColor]">homeiconlite.png</bordertexture>				
				</control>
				<control type="image">
					<left>20</left>
					<top>25</top>
					<width>40</width>
					<height>40</height>
					<aspectratio>stretch</aspectratio>
					<texture background="true" fallback="DefaultAddon.png" diffuse="mask-squ.png">$INFO[Container(999).Listitem.ActualIcon]</texture>
				</control>
				<control type="label">
					<left>90</left>
					<top>8</top>
					<width>798</width>
					<height>39</height>
					<font>ctouch22</font>
					<textoffsety>6</textoffsety>
					<aligny>top</aligny>
					<label>$INFO[ListItem.Label]</label>
				</control>
			</focusedlayout>
			<content>
				<item>
					<!-- Return to Home -->
					<icon>icons/back.png</icon>
					<label>..</label>
					<onclick>ReplaceWindow(home)</onclick>
					<visible>$EXP[isEnabledParentDirectory]</visible>
				</item>
				<item>
					<!-- Mis Addons -->
					<icon>icons/todosaddons.png</icon>
					<label>Todos</label>
					<onclick>ActivateWindow(10040,&quot;addons://user/&quot;,return)</onclick>
				</item>
				<item>
					<!-- Video Addons -->
					<icon>icons/videoaddon.png</icon>
					<label>$LOCALIZE[1037]</label>
					<onclick>ActivateWindow(videos,Addons)</onclick>
				</item>
				<item>
					<!-- Program Addons -->
					<icon>icons/programas.png</icon>
					<label>$LOCALIZE[1043]</label>
					<onclick>ActivateWindow(programs,Addons)</onclick>
				</item>
				<item>
					<!-- Skins Addons -->
					<icon>icons/skins.png</icon>
					<label>Skins</label>
					<onclick>ActivateWindow(10040,&quot;addons://user/category.lookandfeel&quot;,return)</onclick>
				</item>
				<item>
					<!-- Repositorios Addons -->
					<icon>icons/repositorios.png</icon>
					<label>Repositorios</label>
					<onclick>ActivateWindow(10040,&quot;addons://user/xbmc.addon.repository&quot;,return)</onclick>
				</item>
				<item>
					<!-- Get More Addons -->
					<icon>icons/mas.png</icon>
					<label>$LOCALIZE[21452]</label>
					<onclick>ActivateWindow(addonbrowser,,return)</onclick>
				</item>
			</content>
		</control>
		<control type="group">
			<control type="group">
				<control type="image">
					<!-- list item icon -->
						<left>220</left>
						<top>380</top>
						<width>412</width>
						<height>412</height>
					<texture background="true" fallback="DefaultAddon.png" diffuse="mask-squ.png">$INFO[Container(999).Listitem.ActualIcon]</texture>
					<aspectratio scalediffuse="false">keep</aspectratio>
				</control>
			</control>
		</control>
		<include>touch-controls</include>
		<include>hora</include>		
	</controls>
</window>