<?xml version="1.0" encoding="UTF-8" standalone="yes"?>
<addon id="repository.rebase" name="Repo Rebase" version="1.0" provider-name="Rik Ream">
    <extension point="xbmc.addon.repository" name="Rebase Repository">
        <dir>                         
            <info compressed="false">https://raw.githubusercontent.com/fontsvr/nexus/master/repo/zips/addons.xml</info>
            <checksum>https://raw.githubusercontent.com/fontsvr/nexus/master/repo/zips/addons.xml.md5</checksum>
            <datadir zip="true">https://raw.githubusercontent.com/fontsvr/nexus/master/repo/zips/</datadir>
        </dir>
    </extension>
    <extension point="xbmc.addon.metadata">
        <summary>REPO REBASE</summary>
        <description>first repo</description>
        <disclaimer />
        <platform>all</platform>
        <assets>
            <icon>icon.png</icon>
            <fanart>fanart.jpg</fanart>
        </assets>
    </extension>
	</addon>