<?xml version="1.0" encoding="UTF-8"?>
<window type="dialog" id="1152">
	<defaultcontrol>655</defaultcontrol>
	
	<!--<onload condition="!System.HasAddon(script.skinshortcuts)">SetProperty(RunSkinShortcutsAfterInstall,True,Home)</onload>-->
    <onload condition="!System.HasAddon(script.skinshortcuts)">InstallAddon(script.skinshortcuts)</onload>
	<onload condition="!System.HasAddon(script.rikteam)">InstallAddon(script.rikteam)</onload>
	<!--<onunload>ClearProperty(MissingDependency,Home)</onunload>-->
	<!--<onload condition="!Skin.HasSetting(preguntado_ajustes)">Dialog.Close(1152)</onload>-->
	<onload condition="!Skin.HasSetting(preguntado_ajustes)">ReplaceWindow(1151)</onload>
	<backgroundcolor>background</backgroundcolor>
	<controls>
		<!--<include>DefaultBackground</include>
		<control type="multiimage">
			<depth>DepthBackground</depth>
			<include>FullScreenDimensions</include>
			<aspectratio>scale</aspectratio>
			<animation effect="zoom" center="auto" end="102,102" time="0" condition="Integer.IsGreater(System.StereoscopicMode,0)">conditional</animation>
			<animation effect="fade" start="0" end="100" time="400" reversible="true" condition="!Window.Previous(SettingsCategory.xml)">WindowOpen</animation>
			<animation effect="fade" start="100" end="0" time="300" reversible="true" condition="!Window.Next(SettingsCategory.xml)">WindowClose</animation>
			<animation effect="fade" time="400">VisibleChange</animation>
			<imagepath colordiffuse="35FFFFFF">$INFO[Skin.String(HomeFanart.path)]settings$INFO[Skin.String(HomeFanart.ext)]</imagepath>
			<visible>!Player.HasMedia + !String.IsEmpty(Skin.String(HomeFanart.path))</visible>
		</control>
		<control type="image">
			<left>30</left>
			<top>30</top>
			<width>125</width>
			<height>125</height>
			<texture>special://skin/extras/backgrounds/icon.png</texture>
		</control>-->	
		<include>background</include>
		<control type="group">
			<left>0</left>
			<width>100%</width>
			<top>0</top>
			<height>100%</height>
			<!--<visible>Control.HasFocus(303) | Control.HasFocus(304)</visible>-->
			<visible>Control.HasFocus(655)</visible>
			<control type="image">
			<aspectratio scalediffuse="false">keep</aspectratio>
			<texture background="true" border="40">dialogs/default/bg.png</texture>
		</control>
		</control>
		<control type="image">
			<include>fullscreenimage</include>
			<texture colordiffuse="mask-background-black">special://skin/extras/backgrounds/default_bg.jpg</texture><!--dialogs/embuary_info/bg.jpg-->
			<aspectratio>scale</aspectratio>
		</control>
		<control type="image">
			<right>30</right>
			<top>30</top>
			<aspectratio>keep</aspectratio>
			<width>192</width>
			<height>56</height>
			<texture background="true">special://xbmc/media/vendor_logo.png</texture>
		</control>	
		<control type="image">
			<!-- Dialog background image -->
			<centerleft>50%</centerleft>
			<top>180</top><!--200-275-->
			<width>1400</width>
			<height>840</height><!--840-800-790-765-->
			<texture border="14" colordiffuse="grey">backtransparent.png</texture>
		</control>
		
		
		
		<control type="group">
			<animation effect="fade" start="100" end="0" time="200" tween="sine" condition="$EXP[infodialog_active]">Conditional</animation>
				<!--<control type="image">
					<left>0</left>
					<top>880</top>
					<width>100%</width>
					<height>95</height>
					<texture colordiffuse="66FFFFFF">colors/black.png</texture>
				</control>-->
				<control type="textbox">
					<centerleft>50%</centerleft>
					<top>380</top><!--550-->
					<height>455</height>
					<width>850</width><!--640-->
					<aligny>center</aligny>
					<align>center</align>
					<font>font15</font>
					<label>[COLOR grey]Pulsa el botón para descargar los ajustes para el skin. Tambien disponibles en el menú Apagado/Restablecer Ajustes y en Apagado/Ajustes Iniciales (3r.paso-Instalación de Programas-Ajustes)[/COLOR]</label>
				</control>
				<control type="button" id="655">
					<onleft>700</onleft>
					<onright>800</onright>
					<onup>800</onup>
					<ondown>700</ondown>
					<centerleft>50%</centerleft>
					<top>880</top>
					<height>95</height>
					<width>640</width>
					<aligny>center</aligny>
					<align>center</align>
					<font>font14_title</font>
					<label>INSTALACIÓN DE AJUSTES</label>
					<onclick condition="!Skin.HasSetting(preguntado_ajustes) + System.HasAddon(script.rikteam)">ReplaceWindow(1151)</onclick>
					<onclick condition="!Skin.HasSetting(preguntado_ajustes) + !System.HasAddon(script.rikteam)">InstallAddon(script.rikteam)</onclick>
					<onclick condition="Skin.HasSetting(preguntado_ajustes) + !System.HasAddon(script.rikteam)">InstallAddon(script.rikteam)</onclick>
				</control>
				
				<control type="button" id="700">
					<orientation>horizontal</orientation>
					<left>0</left>
					<width>110</width>
					<align>justify</align>
					<height>110</height>
					<top>970</top>
					<onup>655</onup>
					<ondown>noop</ondown>
					<onright>800</onright>
					<onleft>800</onleft>
					<texturefocus colordiffuse="$VAR[HighlightBarColor]">listselect_fo.png</texturefocus>
					<texturenofocus />
					<onclick>Dialog.Close(all,true)</onclick>
				    <onclick>ActivateWindow(settings)</onclick>
				</control>
				<control type="image">
					<left>0</left>
					<width>110</width>
					<align>justify</align>
					<height>110</height>
					<top>970</top>
					<onup>655</onup>
					<ondown>noop</ondown>
					<onright>800</onright>
					<onleft>800</onleft>
					<texture background="true">special://skin/extras/icons/Customize.png</texture>
				</control>
				<control type="button" id="800">
					<orientation>horizontal</orientation>
					<right>0</right>
					<width>110</width>
					<align>justify</align>
					<height>110</height>
					<top>970</top>
					<onup>655</onup>
					<ondown>noop</ondown>
					<onright>700</onright>
					<onleft>700</onleft>
					<texturefocus colordiffuse="$VAR[HighlightBarColor]">listselect_fo.png</texturefocus>
					<texturenofocus />
					<onclick>Dialog.Close(1152)</onclick>
				</control>
				<control type="image">
					<right>0</right>
					<width>110</width>
					<align>justify</align>
					<height>110</height>
					<top>970</top>
					<onup>655</onup>
					<ondown>noop</ondown>
					<onright>700</onright>
					<onleft>700</onleft>
					<texture background="true">special://skin/extras/icons/power.png</texture>
				</control>
			<control type="group">
				<depth>DepthBars</depth>
				<animation effect="slide" end="0,-90" time="300" tween="sine" easing="inout" condition="$EXP[infodialog_active]">conditional</animation>
				<animation effect="fade" start="0" end="100" time="300">WindowOpen</animation>
				<animation effect="fade" start="100" end="0" time="200">WindowClose</animation>
				<top>10</top>
				<left>0</left>
			</control>
		</control>
	</controls>
</window>
