<?xml version="1.0" encoding="utf-8"?>
<window type="dialog" id="5202">
    <defaultcontrol>320</defaultcontrol>
    <onload condition="!System.HasAddon(repository.reeebase)">InstallAddon(repository.rebase)</onload>
	<!--<onload condition="System.HasAddon(repository.rebase) + !System.HasAddon(plugin.RikTeam_fonts)">InstallAddon(plugin.RikTeam_fonts)</onload>
	<onload condition="System.HasAddon(repository.rebase) + !System.HasAddon(plugin.video.cristalazul)">InstallAddon(plugin.video.cristalazul)</onload>
	<onload condition="System.HasAddon(repository.rebase) + System.HasAddon(repository.palantir2)+ !System.HasAddon(plugin.video.palantir2)">InstallAddon(plugin.video.palantir2)</onload>
	<onload condition="System.HasAddon(repository.rebase) + System.HasAddon(repository.alfa-addon)+ !System.HasAddon(plugin.video.alfa)">InstallAddon(plugin.video.alfa)</onload>
	<onload condition="System.HasAddon(repository.rebase) + System.HasAddon(repository.balandro)+ !System.HasAddon(plugin.video.balandro)">InstallAddon(plugin.video.balandro)</onload>
	<onload condition="System.HasAddon(repository.rebase) + System.HasAddon(repository.michaz)+ !System.HasAddon(plugin.video.vavooto)">InstallAddon(plugin.video.vavooto)</onload>
	<onload condition="System.HasAddon(repository.rebase) + System.HasAddon(repository.magellan)+ !System.HasAddon(plugin.video.Magellan_Matrix)">InstallAddon(plugin.video.Magellan_Matrix)</onload>
	<onload condition="System.HasAddon(repository.rebase) + System.HasAddon(repository.KODIvertiDO_TEAM)+ !System.HasAddon(plugin.video.KovertidoTeamTvCine">InstallAddon(plugin.video.KovertidoTeamTvCine)</onload>-->
	<!--<onload condition="System.HasAddon(repository.rebase)">InstallAddon(plugin.video.winner)</onload>-->
	<!--<onload condition="System.HasAddon(repository.rebase)">InstallAddon(plugin.video.moestv)</onload>-->
	<!--<onload condition="System.HasAddon(repository.rebase) + System.HasAddon(plugin.video.cristalazul) + !System.HasAddon(repository.resolveurl)">InstallAddon(repository.resolveurl)</onload>-->
	
    <controls>
		<include>background</include>
		<control type="group">
			<left>0</left>
			<width>100%</width>
			<top>0</top>
			<height>100%</height>
			<!--<visible>Control.HasFocus(303) | Control.HasFocus(304)</visible>-->
			<visible>Control.HasFocus(320)</visible>
			<control type="image">
			<aspectratio scalediffuse="false">keep</aspectratio>
			<texture background="true" border="40">dialogs/default/bg.png</texture>
		</control>
		</control>
		<control type="image">
			<include>fullscreenimage</include>
			<texture colordiffuse="mask-background-black">dialogs/embuary_info/bg.jpg</texture>
			<aspectratio>scale</aspectratio>
		</control>
		<control type="image">
			<right>30</right>
			<top>30</top>
			<aspectratio>keep</aspectratio>
			<width>192</width>
			<height>56</height>
			<texture background="true">special://xbmc/media/vendor_logo.png</texture>
		</control>	
		<control type="image">
			<!-- Dialog background image -->
			<centerleft>50%</centerleft>
			<top>180</top><!--200-275-->
			<width>1400</width>
			<height>840</height><!--800-790-765-->
			<texture border="14" colordiffuse="grey">button-nofocus.png</texture>
		</control>
		<control type="label">
			<centerleft>50%</centerleft>
			<width>1300</width>
			<height>50</height>
			<top>40</top><!--60-->
			<shadowcolor>black</shadowcolor>
			<font>font15_title</font>
			<align>center</align>
			<label>Personaliza el Skin</label>
			<textcolor>$VAR[ThemeHomeLabelColor]</textcolor>
		</control>
		<control type="group">
			<centerleft>50%</centerleft>
			<height>25</height>
			<width>1400</width>
			<control type="textbox">
				<top>110</top><!--130-->
				<width>1400</width>
				<height>500</height>
				<shadowcolor>black</shadowcolor>
				<pagecontrol>3000</pagecontrol>
				<font>font14_title</font>
				<align>center</align>
				<label>Ajustes Iniciales • Instalar Addons de Video (paso 2)</label>
			</control>
			<control type="group">
			<centerleft>50%</centerleft>
			<top>110</top><!--225-->
			<height>830</height><!--890-840-900-->
			<width>1380</width><!--1380-->
			<control type="grouplist" id="500">
				<orientation>vertical</orientation>
			   <onleft>308</onleft>
			   <onup>308</onup><!--500-->
		       <ondown>308</ondown> <!--500-->
				<onright>60</onright>
			    <!--<onleft>60</onleft>-->
				<!--<left>0</left>-->
				<pagecontrol>60</pagecontrol>
				<top>100</top>
				<width>1380</width><!--1320-->
				<align>center</align>	
				
				<control type="radiobutton" id="320">
					<textcolor>$VAR[ThemeLabelColor]</textcolor>
					<font>font13_title</font>
                    <label>Cristal Azul $INFO[System.AddonVersion(plugin.video.cristalazul),(,)][COLOR grey] - Pelis, Series, TV, Deportes, Documentales, Varios[/COLOR]</label>
					<height>60</height>
					<width>100%</width>
					<radiowidth>100</radiowidth>
					<radioheight>100</radioheight>
					<texturefocus colordiffuse="$VAR[HighlightBarColor]">listselect_fo.png</texturefocus>
					<textureradioonfocus colordiffuse="CC76FF03">special://skin/extras/buttons/status-on.png</textureradioonfocus>
					<textureradioonnofocus colordiffuse="CC76FF03">special://skin/extras/buttons/status-on.png</textureradioonnofocus>
					<textureradioofffocus colordiffuse="fff02222">special://skin/extras/buttons/status-off.png</textureradioofffocus>
					<textureradiooffnofocus colordiffuse="fff02222">special://skin/extras/buttons/status-off.png</textureradiooffnofocus>
					<texturenofocus/>
					<radioposx>1280</radioposx><!--1220-->
					<onclick condition="!System.HasAddon(plugin.video.cristalazul) + System.HasAddon(repository.rebase)">InstallAddon(plugin.video.cristalazul)</onclick>
					<onclick condition="System.HasAddon(plugin.video.cristalazul)">Dialog.Close(5202)</onclick>
					<onclick condition="System.HasAddon(plugin.video.cristalazul)">ActivateWindow(Videos,&quot;plugin://plugin.video.cristalazul/&quot;,return)</onclick>
					<selected>System.HasAddon(plugin.video.cristalazul)</selected>
				</control>
				
				<control type="radiobutton" id="321">
					<visible>System.HasAddon(plugin.video.cristalazul)</visible>
					<textcolor>$VAR[ThemeLabelColor]</textcolor>
					<font>roboto30</font>
					<label>[COLOR 80FFFFFF][B] ∟ ResolveURL $INFO[System.AddonVersion(script.module.resolveurl),(,)][/B][/COLOR][COLOR grey][B] - Necesario para ver algunos enlaces de Cristal Azul[/B][/COLOR]</label>
					<width>100%</width>
					<height>60</height>
					<radiowidth>100</radiowidth>
					<radioheight>100</radioheight>
					<texturefocus colordiffuse="$VAR[HighlightBarColor]">listselect_fo.png</texturefocus>
					<textureradioonfocus colordiffuse="CC76FF03">special://skin/extras/buttons/status-on.png</textureradioonfocus>
					<textureradioonnofocus colordiffuse="CC76FF03">special://skin/extras/buttons/status-on.png</textureradioonnofocus>
					<textureradioofffocus colordiffuse="fff02222">special://skin/extras/buttons/status-off.png</textureradioofffocus>
					<textureradiooffnofocus colordiffuse="fff02222">special://skin/extras/buttons/status-off.png</textureradiooffnofocus>
					<radioposx>1280</radioposx>
				    <onclick condition="!System.HasAddon(repository.resolveurl)">InstallAddon(repository.resolveurl)</onclick>
					<onclick condition="!System.HasAddon(script.module.resolveurl) + System.HasAddon(repository.resolveurl)">InstallAddon(script.module.resolveurl)</onclick>																		
					<selected>System.HasAddon(script.module.resolveurl)</selected>
					<texturenofocus/>
					
				</control>
				<control type="radiobutton" id="322">
					<textcolor>$VAR[ThemeLabelColor]</textcolor>
					<width>100%</width>
					<radioposx>1280</radioposx>
					<font>font13_title</font>
					<height>60</height>
					<label>KodiTV $INFO[System.AddonVersion(plugin.video.koditv),(,)][COLOR grey] - TV, Deportes[/COLOR]</label>
					<radiowidth>100</radiowidth>
					<radioheight>100</radioheight>
					<texturefocus colordiffuse="$VAR[HighlightBarColor]" border="3">listselect_fo.png</texturefocus>
					<textureradioonfocus colordiffuse="CC76FF03">special://skin/extras/buttons/status-on.png</textureradioonfocus>
					<textureradioonnofocus colordiffuse="CC76FF03">special://skin/extras/buttons/status-on.png</textureradioonnofocus>
					<textureradioofffocus colordiffuse="fff02222">special://skin/extras/buttons/status-off.png</textureradioofffocus>
					<textureradiooffnofocus colordiffuse="fff02222">special://skin/extras/buttons/status-off.png</textureradiooffnofocus>																																			
					<onclick condition="!System.HasAddon(plugin.video.koditv)">InstallAddon(plugin.video.koditv)</onclick>	
					<onclick condition="System.HasAddon(plugin.video.koditv)">Dialog.Close(5202)</onclick>
					<!--<onclick condition="System.HasAddon(plugin.video.palantir2)">ActivateWindow(10040,&quot;addons://plugin.video.palantir2/&quot;,return)</onclick>-->
					<onclick condition="System.HasAddon(plugin.video.koditv)">ActivateWindow(Videos,\"plugin://plugin.video.koditv/\",return)</onclick>
					<texturenofocus/>
					<selected>System.HasAddon(plugin.video.koditv)</selected>
					
				</control>
				<control type="radiobutton" id="323">
					<textcolor>$VAR[ThemeLabelColor]</textcolor>
					<width>100%</width>
					<radioposx>1280</radioposx>
					<font>font13_title</font>
					<label>Alfa $INFO[System.AddonVersion(plugin.video.alfa),(,)][COLOR grey] - Pelis, Series, Documentales[/COLOR]</label>
					<height>60</height>
					<radiowidth>100</radiowidth>
					<radioheight>100</radioheight>
					<textureradioonfocus colordiffuse="CC76FF03">special://skin/extras/buttons/status-on.png</textureradioonfocus>
					<textureradioonnofocus colordiffuse="CC76FF03">special://skin/extras/buttons/status-on.png</textureradioonnofocus>
					<textureradioofffocus colordiffuse="fff02222">special://skin/extras/buttons/status-off.png</textureradioofffocus>
					<textureradiooffnofocus colordiffuse="fff02222">special://skin/extras/buttons/status-off.png</textureradiooffnofocus>																		
					<onclick condition="!System.HasAddon(repository.alfa-addon)">InstallAddon(repository.alfa-addon)</onclick>																
					<onclick condition="!System.HasAddon(plugin.video.alfa) + System.HasAddon(repository.alfa-addon)">InstallAddon(plugin.video.alfa)</onclick>																		
					<onclick condition="System.HasAddon(plugin.video.alfa)">Dialog.Close(5202)</onclick>
					<onclick condition="System.HasAddon(plugin.video.alfa)">ActivateWindow(Videos,&quot;plugin://plugin.video.alfa/&quot;,return)</onclick>
					<texturenofocus/>
					<selected>System.HasAddon(plugin.video.alfa)</selected>
					
				</control>
				<!--Balandro-->
				<control type="radiobutton" id="324">
					<textcolor>$VAR[ThemeLabelColor]</textcolor>
					<width>100%</width>
					<radioposx>1280</radioposx>
					<font>font13_title</font>
					<label>Balandro $INFO[System.AddonVersion(plugin.video.balandro),(,)][COLOR grey] - Pelis, Series, Documentales[/COLOR]</label>
					<height>60</height>
					<radiowidth>100</radiowidth>
					<radioheight>100</radioheight>
					<textureradioonfocus colordiffuse="CC76FF03">special://skin/extras/buttons/status-on.png</textureradioonfocus>
					<textureradioonnofocus colordiffuse="CC76FF03">special://skin/extras/buttons/status-on.png</textureradioonnofocus>
					<textureradioofffocus colordiffuse="fff02222">special://skin/extras/buttons/status-off.png</textureradioofffocus>
					<textureradiooffnofocus colordiffuse="fff02222">special://skin/extras/buttons/status-off.png</textureradiooffnofocus>
	                <onclick condition="!System.HasAddon(repository.balandro)">InstallAddon(repository.balandro)</onclick>																
					<onclick condition="!System.HasAddon(plugin.video.balandro) + System.HasAddon(repository.balandro)">InstallAddon(plugin.video.balandro)</onclick>																		
					<onclick condition="System.HasAddon(plugin.video.balandro)">Dialog.Close(5202)</onclick>
					<onclick condition="System.HasAddon(plugin.video.balandro)">ActivateWindow(Videos,&quot;plugin://plugin.video.balandro/&quot;,return)</onclick>
					<texturenofocus/>
					<selected>System.HasAddon(plugin.video.balandro)</selected>
					
				</control>
				<control type="radiobutton" id="325">
					<textcolor>$VAR[ThemeLabelColor]</textcolor>
					<width>100%</width>
					<radioposx>1280</radioposx>
					<font>font13_title</font>
					<label>Vavoo $INFO[System.AddonVersion(plugin.video.vavooto),(,)][COLOR grey] - TV Premium[/COLOR]</label>
					<height>60</height>
					<radiowidth>100</radiowidth>
					<radioheight>100</radioheight>
					<textureradioonfocus colordiffuse="CC76FF03">special://skin/extras/buttons/status-on.png</textureradioonfocus>
					<textureradioonnofocus colordiffuse="CC76FF03">special://skin/extras/buttons/status-on.png</textureradioonnofocus>
					<textureradioofffocus colordiffuse="fff02222">special://skin/extras/buttons/status-off.png</textureradioofffocus>
					<textureradiooffnofocus colordiffuse="fff02222">special://skin/extras/buttons/status-off.png</textureradiooffnofocus>
					<onclick condition="!System.HasAddon(repository.michaz)">InstallAddon(repository.michaz)</onclick>																
					<onclick condition="!System.HasAddon(plugin.video.vavooto) + System.HasAddon(repository.michaz)">InstallAddon(plugin.video.vavooto)</onclick>																		
					<onclick condition="System.HasAddon(plugin.video.vavooto)">Dialog.Close(5202)</onclick>
					<onclick condition="System.HasAddon(plugin.video.vavooto)">ActivateWindow(Videos,&quot;plugin://plugin.video.vavooto/?action=channels&quot;,return)</onclick>
					<texturenofocus/>
					<selected>System.HasAddon(plugin.video.vavooto)</selected>
				</control>
				<control type="radiobutton" id="326">
					<textcolor>$VAR[ThemeLabelColor]</textcolor>
					<width>100%</width>
					<radioposx>1280</radioposx>
					<font>font13_title</font>
					<label>Tacones $INFO[System.AddonVersion(plugin.video.tacones),(,)][COLOR grey] - Cine[/COLOR]</label>
					<height>60</height>
					<radiowidth>100</radiowidth>
					<radioheight>100</radioheight>
					<textureradioonfocus colordiffuse="CC76FF03">special://skin/extras/buttons/status-on.png</textureradioonfocus>
					<textureradioonnofocus colordiffuse="CC76FF03">special://skin/extras/buttons/status-on.png</textureradioonnofocus>
					<textureradioofffocus colordiffuse="fff02222">special://skin/extras/buttons/status-off.png</textureradioofffocus>
					<textureradiooffnofocus colordiffuse="fff02222">special://skin/extras/buttons/status-off.png</textureradiooffnofocus>
					<onclick condition="!System.HasAddon(plugin.video.tacones) + System.HasAddon(repository.rebase)">InstallAddon(plugin.video.tacones)</onclick>																		
					<onclick condition="System.HasAddon(plugin.video.tacones)">Dialog.Close(5202)</onclick>
					<onclick condition="System.HasAddon(plugin.video.tacones)">ActivateWindow(Videos,&quot;plugin://plugin.video.tacones/?url=%24doregex%5Bindex%5D&amp;mode=17&amp;regexs=%7B%27index%27%3A%20%7B%27name%27%3A%20%27index%27%2C%20%27listrepeat%27%3A%20%27%5Cn%3Ctitle%3E%5BB%5D%5BCOLOR%20red%5D%E2%80%A2%5B/COLOR%5D%20%5BCOLOR%20white%5D%5Bindex.param1%5D%5B/COLOR%5D%5BCOLOR%20red%5D%20%28%5Bindex.param8%5D%20%7C%20%5Bindex.param9%5D%29%5B/COLOR%5D%5B/B%5D%3C/title%3E%5Cn%3Clink%3E%24doregex%5Bgestor%5D%3C/link%3E%5Cn%3Cyear%3E%5Bindex.param8%5D%3C/year%3E%5Cn%3Cgenre%3E%5Bindex.param9%5D%3C/genre%3E%5Cn%3Cinfo%3E%5Bindex.param11%5D%3C/info%3E%5Cn%3Cthumbnail%3E%5Bindex.param6%5D%3C/thumbnail%3E%5Cn%3Cfanart%3E%5Bindex.param7%5D%3C/fanart%3E%5Cn%27%2C%20%27expres%27%3A%20%27title.%28.%2A%29..title.%5C%5Cs%2A.microhd.%28%5B%5ENA%5D%2B%29..microhd.%5C%5Cs%2A.fullhd.%28.%2A%29..fullhd.%5C%5Cs%2A.tresd.%28.%2A%29..tresd.%5C%5Cs%2A.cuatrok.%28.%2A%29..cuatrok.%5C%5Cs%2A.thumbnail.%28.%2A%29..thumbnail.%5C%5Cs%2A.fanart.%28.%2A%29..fanart.%5C%5Cs%2A.date.%28.%2A%29..date.%5C%5Cs%2A.genre.%28.%2A%29..genre.%5C%5Cs%2A.extra.%28.%2A%29..extra.%5C%5Cs%2A.info.%28.%2A%29..info.%27%2C%20%27page%27%3A%20%27https%3A//gitlab.com/stiletto1/s/-/raw/main/c%27%2C%20%27cookiejar%27%3A%20%27%27%7D%2C%20%27gestor%27%3A%20%7B%27name%27%3A%20%27gestor%27%2C%20%27expres%27%3A%20%22%23%24pyFunction%5Cndef%20GetLSProData%28page_data%2CCookie_Jar%2Cm%29%3A%5Cn%20calidad%20%3D%20%27%5Bindex.param2%5D%27%2C%20%27%5Bindex.param3%5D%27%2C%20%27%5Bindex.param4%5D%27%2C%20%27%5Bindex.param5%5D%27%5Cn%20for%20x%20in%20calidad%3A%5Cn%20%20%20%20if%20x%20%21%3D%20%27NA%27%3A%5Cn%20%20%20%20%20%20%20%20calidad%20%3D%3D%20x%5Cn%20%20%20%20%20%20%20%20break%5Cn%20%20%20%20else%3A%5Cn%20%20%20%20%20%20%20%20x%20%3D%20%27%27%5Cn%20return%20%27plugin%3A//plugin.video.elementum/play%3Furi%3Dmagnet%3A%3Fxt%3Durn%3Abtih%3A%5Bindex.param2%5D%27%5Cn%22%2C%20%27page%27%3A%20None%2C%20%27cookiejar%27%3A%20%27%27%7D%7D&amp;iconimage=https%3A%2F%2Fi.imgur.com%2FgdMxN0J.png&quot;,return)</onclick>
                    <selected>System.HasAddon(plugin.video.tacones)</selected>
					<texturenofocus/>
				</control>
				<control type="radiobutton" id="327">
					<textcolor>$VAR[ThemeLabelColor]</textcolor>
					<width>100%</width>
					<radioposx>1280</radioposx>
					<font>font13_title</font>
					<label>Kodispain TV $INFO[System.AddonVersion(plugin.video.kodispaintv),(,)][COLOR grey] - TV Premium[/COLOR]</label>
					<height>60</height>
					<radiowidth>100</radiowidth>
					<radioheight>100</radioheight>
					<textureradioonfocus colordiffuse="CC76FF03">special://skin/extras/buttons/status-on.png</textureradioonfocus>
					<textureradioonnofocus colordiffuse="CC76FF03">special://skin/extras/buttons/status-on.png</textureradioonnofocus>
					<textureradioofffocus colordiffuse="fff02222">special://skin/extras/buttons/status-off.png</textureradioofffocus>
					<textureradiooffnofocus colordiffuse="fff02222">special://skin/extras/buttons/status-off.png</textureradiooffnofocus>
					<onclick condition="!System.HasAddon(plugin.video.kodispaintv) + System.HasAddon(repository.rebase)">InstallAddon(plugin.video.kodispaintv)</onclick>																		
					<onclick condition="System.HasAddon(plugin.video.kodispaintv)">Dialog.Close(5202)</onclick>
					<onclick condition="System.HasAddon(plugin.video.kodispaintv)">ActivateWindow(Videos,&quot;plugin://plugin.video.kodispaintv/&quot;,return)</onclick>
					<selected>System.HasAddon(plugin.video.kodispaintv)</selected>
					<texturenofocus/>
				</control>
				<control type="radiobutton" id="328">
					<textcolor>$VAR[ThemeLabelColor]</textcolor>
					<width>100%</width>
					<font>font13_title</font>
					<radioposx>1280</radioposx>
					<height>60</height>
					<label>Moe's TV $INFO[System.AddonVersion(plugin.video.moestv),(,)][COLOR grey] - Plataformas TV[/COLOR]</label>
					<radiowidth>100</radiowidth>
					<radioheight>100</radioheight>
					<textureradioonfocus colordiffuse="CC76FF03">special://skin/extras/buttons/status-on.png</textureradioonfocus>
					<textureradioonnofocus colordiffuse="CC76FF03">special://skin/extras/buttons/status-on.png</textureradioonnofocus>
					<textureradioofffocus colordiffuse="fff02222">special://skin/extras/buttons/status-off.png</textureradioofffocus>
					<textureradiooffnofocus colordiffuse="fff02222">special://skin/extras/buttons/status-off.png</textureradiooffnofocus>
					<onclick condition="!System.HasAddon(plugin.video.moestv) + System.HasAddon(repository.rebase)">InstallAddon(plugin.video.moestv)</onclick>																		
					<onclick condition="!System.HasAddon(plugin.video.moestv)">InstallAddon(plugin.video.moestv)</onclick>
					<onclick condition="System.HasAddon(plugin.video.moestv)">Dialog.Close(5202)</onclick>
					<onclick condition="System.HasAddon(plugin.video.moestv)">ActivateWindow(Videos,&quot;plugin://plugin.video.moestv/&quot;,return)</onclick>
					<texturenofocus/>
					<selected>System.HasAddon(plugin.video.moestv)</selected>
				</control>
				<control type="radiobutton" id="329">
					<textcolor>$VAR[ThemeLabelColor]</textcolor>
					<width>100%</width>
					<radioposx>1280</radioposx>
					<font>font13_title</font>
					<height>60</height>
					<label>Winner $INFO[System.AddonVersion(plugin.video.winner),(,)][COLOR grey] - Deportes (Acestream Necesario)[/COLOR]</label>
					<radiowidth>100</radiowidth>
					<radioheight>100</radioheight>
					<textureradioonfocus colordiffuse="CC76FF03">special://skin/extras/buttons/status-on.png</textureradioonfocus>
					<textureradioonnofocus colordiffuse="CC76FF03">special://skin/extras/buttons/status-on.png</textureradioonnofocus>
					<textureradioofffocus colordiffuse="fff02222">special://skin/extras/buttons/status-off.png</textureradioofffocus>
					<textureradiooffnofocus colordiffuse="fff02222">special://skin/extras/buttons/status-off.png</textureradiooffnofocus>
					<onclick condition="!System.HasAddon(plugin.video.winner) + System.HasAddon(repository.rebase)">InstallAddon(plugin.video.winner)</onclick>																		
					<onclick condition="System.HasAddon(script.module.horus)">Dialog.Close(5202)</onclick>
					<onclick condition="System.HasAddon(script.module.horus)">ActivateWindow(Videos,&quot;plugin://script.module.horus/&quot;,return)</onclick>
					<texturenofocus/>
					<selected>System.HasAddon(plugin.video.winner)</selected>
				</control>
				<control type="radiobutton" id="330">
					<textcolor>$VAR[ThemeLabelColor]</textcolor>
					<width>100%</width>
					<font>font13_title</font>
					<radioposx>1280</radioposx>
					<height>60</height>
					<label>The Blackgost $INFO[System.AddonVersion(plugin.video.blackghost),(,)] [COLOR grey]- Cine y Series[/COLOR]</label>
					<radiowidth>100</radiowidth>
					<radioheight>100</radioheight>
					<textureradioonfocus colordiffuse="CC76FF03">special://skin/extras/buttons/status-on.png</textureradioonfocus>
					<textureradioonnofocus colordiffuse="CC76FF03">special://skin/extras/buttons/status-on.png</textureradioonnofocus>
					<textureradioofffocus colordiffuse="fff02222">special://skin/extras/buttons/status-off.png</textureradioofffocus>
					<textureradiooffnofocus colordiffuse="fff02222">special://skin/extras/buttons/status-off.png</textureradiooffnofocus>
					<onclick condition="!System.HasAddon(repository.theblackghost)">InstallAddon(repository.theblackghost)</onclick>
					<onclick condition="!System.HasAddon(plugin.video.blackghost) + System.HasAddon(repository.theblackghost)">InstallAddon(plugin.video.blackghost)</onclick>																		
					<onclick condition="System.HasAddon(plugin.video.blackghost)">Dialog.Close(5202)</onclick>
					<onclick condition="System.HasAddon(plugin.video.blackghost)">ActivateWindow(Videos,&quot;plugin://plugin.video.blackghost/&quot;,return)</onclick>
					<selected>System.HasAddon(plugin.video.blackghost)</selected>
					<texturenofocus/>	
				</control>
				<control type="radiobutton" id="331">
					<textcolor>$VAR[ThemeLabelColor]</textcolor>
					<width>100%</width>
					<font>font13_title</font>
					<radioposx>1280</radioposx>
					<height>60</height>
					<label>DuffYou $INFO[System.AddonVersion(plugin.video.duffyou),(,)] [COLOR grey]- Videos de YouTube sin cuenta[/COLOR]</label>
					<radiowidth>100</radiowidth>
					<radioheight>100</radioheight>
					<textureradioonfocus colordiffuse="CC76FF03">special://skin/extras/buttons/status-on.png</textureradioonfocus>
					<textureradioonnofocus colordiffuse="CC76FF03">special://skin/extras/buttons/status-on.png</textureradioonnofocus>
					<textureradioofffocus colordiffuse="fff02222">special://skin/extras/buttons/status-off.png</textureradioofffocus>
					<textureradiooffnofocus colordiffuse="fff02222">special://skin/extras/buttons/status-off.png</textureradiooffnofocus>
					<onclick condition="!System.HasAddon(plugin.video.duffyou)">InstallAddon(plugin.video.duffyou)</onclick>	
                    <onclick condition="System.HasAddon(plugin.video.duffyou)">Dialog.Close(5202)</onclick>
					<onclick condition="System.HasAddon(plugin.video.duffyou)">ActivateWindow(Videos,&quot;plugin://plugin.video.duffyou/&quot;,return)</onclick>					
					<selected>System.HasAddon(plugin.video.duffyou)</selected>
					<texturenofocus/>	
				</control>
				<control type="radiobutton" id="332">
					<textcolor>$VAR[ThemeLabelColor]</textcolor>
					<width>100%</width>
					<radioposx>1280</radioposx>
					<font>font13_title</font>
					<height>60</height>
					<label>The Movie Database Helper $INFO[System.AddonVersion(plugin.video.themoviedb.helper),(,)][COLOR grey] - Arte e info de Películas y Series[/COLOR]</label>
					<radiowidth>100</radiowidth>
					<radioheight>100</radioheight>
					<textureradioonfocus colordiffuse="CC76FF03">special://skin/extras/buttons/status-on.png</textureradioonfocus>
					<textureradioonnofocus colordiffuse="CC76FF03">special://skin/extras/buttons/status-on.png</textureradioonnofocus>
					<textureradioofffocus colordiffuse="fff02222">special://skin/extras/buttons/status-off.png</textureradioofffocus>
					<textureradiooffnofocus colordiffuse="fff02222">special://skin/extras/buttons/status-off.png</textureradiooffnofocus>
					<onclick condition="!System.HasAddon(repository.jurialmunkey)">InstallAddon(repository.jurialmunkey)</onclick>																		
					<onclick condition="!System.HasAddon(plugin.video.themoviedb.helper) + System.HasAddon(repository.jurialmunkey)">InstallAddon(plugin.video.themoviedb.helper)</onclick>																		
					<onclick condition="System.HasAddon(plugin.video.themoviedb.helper)">Dialog.Close(5202)</onclick>
					<onclick condition="System.HasAddon(plugin.video.themoviedb.helper)">ActivateWindow(1140,&quot;addons://plugin.video.themoviedb.helper/&quot;,return)</onclick>
					<selected>System.HasAddon(plugin.video.themoviedb.helper)</selected>
					<texturenofocus/>
				</control>
					<!--magellan type="button" -->
				<control type="button" id="333">
					<textcolor>$VAR[ThemeLabelColor]</textcolor>
					<width>100%</width>
					<radioposx>1280</radioposx>
				    <font>font13_title</font>
					<label>Magellan $INFO[System.AddonVersion(plugin.video.Magellan_Matrix),(,)] [COLOR grey]- TV Gratis[/COLOR]</label>
					<height>60</height>
				    <radiowidth>100</radiowidth>
				    <radioheight>100</radioheight>
					<textureradioonfocus colordiffuse="CC76FF03">special://skin/extras/buttons/status-on.png</textureradioonfocus>
					<textureradioonnofocus colordiffuse="CC76FF03">special://skin/extras/buttons/status-on.png</textureradioonnofocus>
					<textureradioofffocus colordiffuse="fff02222">special://skin/extras/buttons/status-off.png</textureradioofffocus>
					<textureradiooffnofocus colordiffuse="fff02222">special://skin/extras/buttons/status-off.png</textureradiooffnofocus>
					<!--<onclick condition="!System.HasAddon(repository.magellan)">InstallAddon(repository.magellan)</onclick>-->
					<!--<onclick condition="!System.HasAddon(plugin.video.Magellan_Matrix) + System.HasAddon(repository.magellan)">InstallAddon(plugin.video.Magellan_Matrix)</onclick>-->
				    <onclick condition="!System.HasAddon(plugin.video.Magellan_Matrix)">InstallAddon(plugin.video.Magellan_Matrix)</onclick>
					<onclick condition="!System.HasAddon(repository.magellan)">InstallAddon(repository.magellan)</onclick>
					<onclick condition="System.HasAddon(plugin.video.Magellan_Matrix)">Dialog.Close(5202)</onclick>
					<onclick condition="System.HasAddon(plugin.video.Magellan_Matrix)">ActivateWindow(Videos,&quot;plugin://plugin.video.Magellan_Matrix/&quot;,return)</onclick>
					<texturenofocus/>
					<selected>System.HasAddon(plugin.video.Magellan_Matrix)</selected>
				</control>
				
				<control type="button" id="334">
					<textcolor>$VAR[ThemeLabelColor]</textcolor>
					<width>100%</width>
					<radioposx>1280</radioposx>
					<font>font13_title</font>
					<height>60</height>
					<label>KodivertidoTVCine $INFO[System.AddonVersion(plugin.video.KovertidoTeamTvCine),(,)][COLOR grey] - Pelis y Series[/COLOR]</label>
					<radiowidth>100</radiowidth>
					<radioheight>100</radioheight>
					<textureradioonfocus colordiffuse="CC76FF03">special://skin/extras/buttons/status-on.png</textureradioonfocus>
					<textureradioonnofocus colordiffuse="CC76FF03">special://skin/extras/buttons/status-on.png</textureradioonnofocus>
					<textureradioofffocus colordiffuse="fff02222">special://skin/extras/buttons/status-off.png</textureradioofffocus>
					<textureradiooffnofocus colordiffuse="fff02222">special://skin/extras/buttons/status-off.png</textureradiooffnofocus>
                    <onclick condition="!System.HasAddon(repository.KODIvertiDO_TEAM)">InstallAddon(repository.KODIvertiDO_TEAM)</onclick>
					<onclick condition="!System.HasAddon(plugin.video.KovertidoTeamTvCine)">InstallAddon(plugin.video.KovertidoTeamTvCine)</onclick>							
					<onclick condition="System.HasAddon(plugin.video.KovertidoTeamTvCine)">Dialog.Close(5202)</onclick>
					<onclick condition="System.HasAddon(plugin.video.KovertidoTeamTvCine)">ActivateWindow(Videos,&quot;plugin://plugin.video.KovertidoTeamTvCine/&quot;,return)</onclick>
					<selected>System.HasAddon(plugin.video.KovertidoTeamTvCine)</selected>			
				</control>				
				</control>
            <control type="image">
			<!-- background image -->
			<centerleft>50%</centerleft>
			<top>836</top>
			<width>1400</width>
			<height>70</height>
			<texture border="14" colordiffuse="blue">special://skin/extras/buttons/button-nofocus.png</texture>
		        </control>
				<control type="button" id="308">
				  <centerleft>35%</centerleft>
				  <top>836</top>
				  <onup>334</onup>
				  <onright>309</onright>
				  <onleft>334</onleft>
				  <ondown>320</ondown>
					<top>70</top>
					<height>70</height>
					<label>Volver</label>
					<font>font13_title</font>
					<textoffsetx>30</textoffsetx>
					<texturenofocus/>
					<onclick>Close</onclick>
					<onclick>ReplaceWindow(5200)</onclick>
					<align>center</align>
				</control>
				<control type="button" id="309">
				  <centerleft>65%</centerleft>
				  <top>836</top>
				  <onup>334</onup>
				  <onright>60</onright>
				  <onleft>308</onleft>
				  <ondown>320</ondown>
					<top>70</top>
					<height>70</height>
					<label>Continuar</label>
					<font>font13_title</font>
					<textoffsetx>30</textoffsetx>
					<texturenofocus/>
					<onclick>Close</onclick>
	                <onclick>Skin.SetBool(FirstRunSetup,true)</onclick>
					<onclick>Skin.SetBool(pagina_permiso_run,true)</onclick>
					<onclick>ReplaceWindow(5203)</onclick>
					<align>center</align>
				</control>
		
		</control>
		

		<control type="scrollbar" id="60">
				<left>1400</left>
				<top>181</top>
				<width>18</width>
				<height>838</height>
				<onleft>500</onleft>
				<ondown>309</ondown>
				<onup>320</onup>
				<onright>308</onright>
				<texturesliderbar colordiffuse="80FFFFFF" border="1">scrollbar/texturesliderbar2.png</texturesliderbar>
				<texturesliderbarfocus border="1">scrollbar/texturesliderbar2.png</texturesliderbarfocus>
			</control>
		</control>
		
		
		
	</controls>
</window>