<?xml version="1.0" encoding="UTF-8"?>
<window>
	<controls>
		<control type="group">
			<animation effect="fade" end="100" time="239.76">WindowOpen</animation>
			<animation effect="fade" end="0" time="239.76">WindowClose</animation>
			<control type="image">
				<width>100%</width>
				<height>610</height>
				<texture border="1,1,1,40">topbar.png</texture>
				<animation effect="slide" end="0,-275" condition="!VideoPlayer.Content(LiveTV)">Conditional</animation>
			</control>
			<!-- VIDEO STREAM -->
			<control type="grouplist">
				<width>960</width>
				<height>540</height>
				<itemgap>1</itemgap>
				<control type="label">
					<height>45</height>
					<textoffsetx>30</textoffsetx>
					<label>$LOCALIZE[38031]</label>
					<font>font15_title</font>
					<textcolor>$VAR[ThemeLabelColor]</textcolor>
				</control>
				<control type="button">
					<width>960</width>
					<height>45</height>
					<textoffsetx>30</textoffsetx>
					<label>$LOCALIZE[31356]:</label>
					<label2>$VAR[VideoHWDecoderVar]</label2>
					<texturefocus />
					<texturenofocus />
					<font>font15</font>
					<textcolor>grey2</textcolor>
				</control>
				<control type="button">
					<width>960</width>
					<height>45</height>
					<textoffsetx>30</textoffsetx>
					<label>$LOCALIZE[16038]:</label>
					<label2>$INFO[Player.Process(deintmethod)]</label2>
					<texturefocus />
					<texturenofocus />
					<font>font15</font>
					<textcolor>grey2</textcolor>
				</control>
				<control type="button">
					<width>960</width>
					<height>45</height>
					<textoffsetx>30</textoffsetx>
					<label>$LOCALIZE[31357]:</label>
					<label2>$INFO[Player.Process(videodecoder)]$INFO[Player.Process(pixformat),$COMMA ]</label2>
					<texturefocus />
					<texturenofocus />
					<font>font15</font>
					<textcolor>grey2</textcolor>
				</control>
				<control type="button">
					<width>960</width>
					<height>45</height>
					<textoffsetx>30</textoffsetx>
					<label>$LOCALIZE[31529]:</label>
					<label2>$INFO[Player.Process(videowidth),,x]$INFO[Player.Process(videoheight)]$INFO[Player.Process(videoscantype)]$INFO[Player.Process(videodar),$COMMA , AR]$INFO[Player.Process(videofps),$COMMA , fps]</label2>
					<texturefocus />
					<texturenofocus />
					<font>font15</font>
					<textcolor>grey2</textcolor>
				</control>
			</control>
			<!-- AUDIO STREAM -->
			<control type="grouplist">
				<left>960</left>
				<width>960</width>
				<height>540</height>
				<itemgap>1</itemgap>
				<control type="label">
					<width>960</width>
					<height>45</height>
					<textoffsetx>30</textoffsetx>
					<label>$LOCALIZE[460]</label>
					<font>font15_title</font>
					<textcolor>$VAR[ThemeLabelColor]</textcolor>
				</control>
				<control type="button">
					<width>960</width>
					<height>45</height>
					<textoffsetx>30</textoffsetx>
					<label>$LOCALIZE[31357]:</label>
					<label2>$INFO[Player.Process(audiodecoder)]</label2>
					<texturefocus />
					<texturenofocus />
					<font>font15</font>
					<textcolor>grey2</textcolor>
				</control>
				<control type="button">
					<width>960</width>
					<height>45</height>
					<textoffsetx>30</textoffsetx>
					<label>$LOCALIZE[612]:</label>
					<label2>$INFO[Player.Process(audiobitspersample),, bits]</label2>
					<texturefocus />
					<texturenofocus />
					<font>font15</font>
					<textcolor>grey2</textcolor>
				</control>
				<control type="button">
					<width>960</width>
					<height>45</height>
					<textoffsetx>30</textoffsetx>
					<label>$LOCALIZE[613]:</label>
					<label2>$INFO[Player.Process(audiosamplerate),, Hz]</label2>
					<texturefocus />
					<texturenofocus />
					<font>font15</font>
					<textcolor>grey2</textcolor>
				</control>
				<control type="button">
					<width>960</width>
					<height>45</height>
					<textoffsetx>30</textoffsetx>
					<label>$LOCALIZE[19019]:</label>
					<label2>$INFO[Player.Process(audiochannels)]</label2>
					<texturefocus />
					<texturenofocus />
					<font>font15</font>
					<textcolor>grey2</textcolor>
				</control>
			</control>
			<!-- PVR BACKEND -->
			<control type="grouplist">
				<top>230</top>
				<width>960</width>
				<height>540</height>
				<itemgap>1</itemgap>
				<visible>VideoPlayer.Content(LiveTV) + system.getbool(pvrplayback.signalquality)</visible>
				<control type="label">
					<height>45</height>
					<textoffsetx>30</textoffsetx>
					<label>$LOCALIZE[19012]</label>
					<font>font15_title</font>
					<textcolor>$VAR[ThemeLabelColor]</textcolor>
				</control>
				<control type="button">
					<width>960</width>
					<height>45</height>
					<textoffsetx>30</textoffsetx>
					<label>$LOCALIZE[19012]:</label>
					<label2>$INFO[PVR.ActStreamClient]</label2>
					<texturefocus />
					<texturenofocus />
					<font>font15</font>
					<textcolor>grey2</textcolor>
				</control>
				<control type="button">
					<width>960</width>
					<height>45</height>
					<textoffsetx>30</textoffsetx>
					<label>$LOCALIZE[19006]:</label>
					<label2>$INFO[PVR.ActStreamDevice]</label2>
					<texturefocus />
					<texturenofocus />
					<font>font15</font>
					<textcolor>grey2</textcolor>
				</control>
				<control type="button">
					<width>960</width>
					<height>45</height>
					<textoffsetx>30</textoffsetx>
					<label>$LOCALIZE[19007]:</label>
					<label2>$INFO[PVR.ActStreamStatus]</label2>
					<texturefocus />
					<texturenofocus />
					<font>font15</font>
					<textcolor>grey2</textcolor>
				</control>
				<control type="button">
					<width>960</width>
					<height>45</height>
					<textoffsetx>30</textoffsetx>
					<label>$LOCALIZE[19099]:</label>
					<label2>$INFO[PVR.ActStreamServiceName]</label2>
					<texturefocus />
					<texturenofocus />
					<font>font15</font>
					<textcolor>grey2</textcolor>
				</control>
				<control type="button">
					<width>960</width>
					<height>45</height>
					<textoffsetx>30</textoffsetx>
					<label>$LOCALIZE[19101]:</label>
					<label2>$INFO[PVR.ActStreamProviderName]</label2>
					<texturefocus />
					<texturenofocus />
					<font>font15</font>
					<textcolor>grey2</textcolor>
				</control>
			</control>
			<!-- PVR STREAM -->
			<control type="grouplist">
				<left>960</left>
				<top>230</top>
				<width>960</width>
				<height>540</height>
				<itemgap>1</itemgap>
				<visible>VideoPlayer.Content(LiveTV) + system.getbool(pvrplayback.signalquality)</visible>
				<control type="label">
					<height>45</height>
					<textoffsetx>30</textoffsetx>
					<label>$LOCALIZE[31528]</label>
					<font>font15_title</font>
					<textcolor>$VAR[ThemeLabelColor]</textcolor>
				</control>
				<control type="button">
					<width>960</width>
					<height>45</height>
					<textoffsetx>30</textoffsetx>
					<label>$LOCALIZE[19008]:</label>
					<label2>$INFO[PVR.ActStreamSignal]</label2>
					<texturefocus />
					<texturenofocus />
					<font>font15</font>
					<textcolor>grey2</textcolor>
				</control>
				<control type="button">
					<width>960</width>
					<height>45</height>
					<textoffsetx>30</textoffsetx>
					<label>$LOCALIZE[19009]:</label>
					<label2>$INFO[PVR.ActStreamSNR]</label2>
					<texturefocus />
					<texturenofocus />
					<font>font15</font>
					<textcolor>grey2</textcolor>
				</control>
				<control type="button">
					<width>960</width>
					<height>45</height>
					<textoffsetx>30</textoffsetx>
					<label>$LOCALIZE[19010] / $LOCALIZE[19011]:</label>
					<label2>$INFO[PVR.ActStreamBER]$INFO[PVR.ActStreamUNC, / ]</label2>
					<texturefocus />
					<texturenofocus />
					<font>font15</font>
					<textcolor>grey2</textcolor>
				</control>
				<control type="button">
					<width>960</width>
					<height>45</height>
					<textoffsetx>30</textoffsetx>
					<label>$LOCALIZE[19015]:</label>
					<label2>$INFO[PVR.ActStreamEncryptionName]</label2>
					<texturefocus />
					<texturenofocus />
					<font>font15</font>
					<textcolor>grey2</textcolor>
				</control>
				<control type="button">
					<width>960</width>
					<height>45</height>
					<textoffsetx>30</textoffsetx>
					<label>$LOCALIZE[19100]:</label>
					<label2>$INFO[PVR.ActStreamMux]</label2>
					<texturefocus />
					<texturenofocus />
					<font>font15</font>
					<textcolor>grey2</textcolor>
				</control>
			</control>
			<!-- SYSTEM INFO -->
			<control type="group">
				<top>230</top>
				<width>100%</width>
				<height>90</height>
				<animation effect="slide" end="0,275" condition="VideoPlayer.Content(LiveTV)">Conditional</animation>
				<control type="grouplist">
					<width>100%</width>
					<height>45</height>
					<orientation>horizontal</orientation>
					<control type="button">
						<width>960</width>
						<height>45</height>
						<textoffsetx>30</textoffsetx>
						<font>font15_title</font>
						<textcolor>$VAR[ThemeLabelColor]</textcolor>
						<label>$LOCALIZE[13271]</label>
						<label2>$INFO[System.CpuUsage]</label2>
						<texturefocus />
						<texturenofocus />
					</control>
					<control type="button">
						<width>960</width>
						<height>45</height>
						<textoffsetx>30</textoffsetx>
						<font>font15_title</font>
						<textcolor>$VAR[ThemeLabelColor]</textcolor>
						<label>$LOCALIZE[31309]:</label>
						<label2>$INFO[System.Memory(used.percent)]</label2>
						<texturefocus />
						<texturenofocus />
					</control>
				</control>
				<control type="progress">
					<description>CPU BAR</description>
					<left>30</left>
					<top>48</top>
					<width>900</width>
					<height>20</height>
					<info>System.CPUUsage</info>
					<texturebg colordiffuse="$VAR[ThemeLabelColor]" border="3">new_pvr/texturebg_border_white.png</texturebg>
					<midtexture colordiffuse="$VAR[ThemeLabelColor]" border="3">new_pvr/texturebg_white.png</midtexture>
				</control>
				<control type="progress">
					<description>Memory BAR</description>
					<left>990</left>
					<top>48</top>
					<width>900</width>
					<height>20</height>
					<texturebg colordiffuse="$VAR[ThemeLabelColor]" border="3">new_pvr/texturebg_border_white.png</texturebg>
					<midtexture colordiffuse="$VAR[ThemeLabelColor]" border="3">new_pvr/texturebg_white.png</midtexture>
					<info>system.memory(used)</info>
				</control>
			</control>
		</control>
	</controls>
</window>