<?xml version="1.0" encoding="UTF-8"?>
<window>
	<defaultcontrol always="true">50</defaultcontrol>
	<onload>SetProperty(Window.HasSettings,True,Home)</onload>
	<onload>ClearProperty(MediaMenu,Home)</onload>
	<onunload>ClearProperty(MediaMenu,Home)</onunload>
	<onunload>ClearProperty(Window.HasSettings,Home)</onunload>
	<views>50,51</views>
	<menucontrol>9051</menucontrol>
	<controls>
		<include>CommonBackground</include>
		<control type="group">
			<include>WindowOpenCloseAnimation</include>
			<!-- view id = 50 -->
			<include>DefaultPVRRecordings</include>
			<!-- view id = 51 -->
			<include>ListPVRRecordings</include>
		</control>
		<include condition="!Skin.HasSetting(Disable.ScrollLabel)">ScrollOffsetLabel</include>
		<include>PVRBackgroundDim</include>
		<include>Topbar</include>
		<include>PVRMediaMenu</include>
	</controls>
</window>