<?xml version="1.0" encoding="UTF-8"?>
<window>
	<defaultcontrol>8</defaultcontrol>
	<controls>
		<control type="videowindow" id="20">
			<include>FullscreenDimensions</include>
			<visible>Player.HasVideo</visible>
		</control>
		<control type="image">
			<width>100%</width>
			<height>1080</height>
			<texture>black-back.png</texture>
			<include>DialogOpenCloseAnimation</include>
		</control>
		<control type="group">
			<control type="mover" id="8">
				<description>top left mover</description>
				<width>128</width>
				<height>128</height>
				<texturefocus colordiffuse="$VAR[ThemeLabelColor]">calibrate/cal_TL.png</texturefocus>
				<texturenofocus>calibrate/cal_TL.png</texturenofocus>
				<movingspeed acceleration="180" maxvelocity="300" resettimeout="200" delta="1">
					<eventconfig type="up" />
					<eventconfig type="down" />
					<eventconfig type="left" />
					<eventconfig type="right" />
				</movingspeed>
			</control>
			<control type="mover" id="9">
				<description>right bottom mover</description>
				<width>128</width>
				<height>128</height>
				<texturefocus colordiffuse="$VAR[ThemeLabelColor]">calibrate/cal_BR.png</texturefocus>
				<texturenofocus>calibrate/cal_BR.png</texturenofocus>
				<movingspeed acceleration="180" maxvelocity="300" resettimeout="200" delta="1">
					<eventconfig type="up" />
					<eventconfig type="down" />
					<eventconfig type="left" />
					<eventconfig type="right" />
				</movingspeed>
			</control>
			<control type="mover" id="10">
				<description>subtitle position mover</description>
				<left>200</left>
				<top>750</top>
				<width>750</width>
				<height>90</height>
				<texturefocus colordiffuse="$VAR[ThemeLabelColor]">calibrate/cal_SUB.png</texturefocus>
				<texturenofocus>calibrate/cal_SUB.png</texturenofocus>
				<movingspeed acceleration="180" maxvelocity="300" resettimeout="200" delta="1">
					<eventconfig type="up" />
					<eventconfig type="down" />
					<eventconfig type="left" />
					<eventconfig type="right" />
				</movingspeed>
			</control>
			<control type="resize" id="11">
				<description>pixel aspect ratio</description>
				<top>390</top>
				<width>500</width>
				<height>500</height>
				<texturefocus colordiffuse="$VAR[ThemeLabelColor]">calibrate/cal_ratio.png</texturefocus>
				<texturenofocus>calibrate/cal_ratio.png</texturenofocus>
				<movingspeed acceleration="140" maxvelocity="300" resettimeout="180" delta="1">
					<eventconfig type="left" />
					<eventconfig type="right" />
				</movingspeed>
			</control>
			<control type="mover" id="12">
				<description>reset calibration</description>
				<left>0</left>
				<top>900</top>
				<width>100</width>
				<height>100</height>
				<texturefocus colordiffuse="$VAR[ThemeLabelColor]">calibrate/reset.png</texturefocus>
				<texturenofocus>calibrate/reset.png</texturenofocus>
			</control>
			<control type="label">
				<description>window title</description>
				<top>30</top>
				<width>100%</width>
				<height>30</height>
				<align>center</align>
				<label>$LOCALIZE[214]</label>
				<font>font48_title</font>
				<shadowcolor>black</shadowcolor>
			</control>
			<control type="label" id="2">
				<description>resolution label</description>
				<top>90</top>
				<width>100%</width>
				<height>30</height>
				<align>center</align>
				<label />
				<font>font48</font>
				<shadowcolor>black</shadowcolor>
			</control>
			<control type="label" id="3">
				<description>help information</description>
				<top>150</top>
				<width>100%</width>
				<height>30</height>
				<align>center</align>
				<label />
				<font>font48</font>
				<shadowcolor>black</shadowcolor>
			</control>
			<control type="label" id="4">
				<description>calibration value</description>
				<top>210</top>
				<width>100%</width>
				<height>30</height>
				<align>center</align>
				<label />
				<font>font48</font>
				<shadowcolor>black</shadowcolor>
			</control>
		</control>
	</controls>
</window>