{
  "id": "caricaturashd",
  "name": "CaricaturasHd",
  "thumbnail": "caricaturashd.jpg",

  "active": false,

  "searchable": true,
  "search_types": ["all", "movie", "tvshow"],

  "categories": ["movie", "tvshow"],
  "language": ["cast", "lat", "vose"],

  "clusters": ["temporary", "current", "infantil", "classic", "kids", "vos"],

  "notes": "Películas por géneros. Series por Géneros. Puede requerir el uso de proxies en función del país/operadora desde el que se accede."
}