<?xml version="1.0" encoding="UTF-8" standalone="yes"?>
<addon id="plugin.program.rikteam" name="[COLOR orchid][B]RikTeam Wizard[/B][/COLOR]" version="3.3" provider-name="Rik Team">
	<requires>
		<import addon="xbmc.python" version="3.0.0"/>
		<import addon="script.module.requests"/>
		<import addon="script.module.six"/>
		<import addon="script.kodi.android.update" optional="true" version="1.1.7"/>
		<import addon="script.speedtester" optional="true" version="1.1.2" />
	</requires>
	
	<extension point="xbmc.python.pluginsource" debugging="true" library="default.py">
		<provides>executable</provides>
	</extension>
  
	<extension point="xbmc.service" library="startup.py" start="startup"/>
  
	<extension point="xbmc.addon.metadata">
		<summary lang="es">[COLOR orchid][B]RikTeam Wizard[/B][/COLOR] tu Wizard para Kodi 19.x y Kodi 20.x</summary>
		<description>[B]• Developers:[/B] [COLOR gold]Rik Team[/COLOR]</description>
		<platform>all</platform>
		<reuselanguageinvoker>false</reuselanguageinvoker>
		<source>https://github.com/fontsvr/fontsvr.github.io</source>
		<news>[COLOR orchid][B]RikTeam Wizard[/B][/COLOR]</news>
		<assets>
			<icon>icon.png</icon>
			<fanart>fanart.jpg</fanart>
		</assets>
	</extension>
</addon>