<?xml version="1.0" encoding="UTF-8"?>
<window>
	<defaultcontrol>3</defaultcontrol>
	<coordinates>
		<system>1</system>
		<left>122</left>
		<top>174</top>
	</coordinates>
	<include>DialogOpenCloseAnimation</include>
	<controls>
		<control type="image">
			<width>1674</width>
			<height>750</height>
			<texture border="40">dialogs/default/bg.png</texture>
		</control>
		<control type="image">
			<left>31</left>
			<top>85</top>
			<width>1612</width>
			<height>1</height>
			<texture colordiffuse="$VAR[ThemeLabelColor]">separator_horizontal.png</texture>
		</control>
		<include condition="Window.IsActive(gamecontrollers)">GameControllers</include>
		<include condition="Window.IsActive(gameports)">GamePorts</include>
	</controls>
</window>