<?xml version="1.0" encoding="UTF-8"?>
<window>
	<defaultcontrol always="true">9000</defaultcontrol>
	<onload>SetProperty(Window.HasSettings,True,Home)</onload>
	
	<onload condition="!IsEmpty(Window(Home).Property(ListPos)) + !Container.HasParent + Container($PARAM[Id].Column(-1)">Up</onload>
    <onload condition="!IsEmpty(Window(Home).Property(ListPos)) + !Container.HasParent">Right</onload>
	
	<onload>ClearProperty(MediaMenu,Home)</onload>
	<onload>ClearProperty(BusySkinBackup,Home)</onload>
	<onunload>ClearProperty(MediaMenu,Home)</onunload>
	<onunload>ClearProperty(Window.HasSettings,Home)</onunload>
	<onunload condition="!String.IsEmpty(Skin.String(FanartTimePerImage))">RunScript(script.grab.fanart,mode=random,refresh=$INFO[Skin.String(FanartTimePerImage)])</onunload>
	<onunload condition="String.IsEmpty(Skin.String(FanartTimePerImage))">RunScript(script.grab.fanart,mode=random,refresh=7)</onunload>
	<controls>
		<control type="group">
			<animation effect="fade" time="500" delay="400" condition="Window.Previous(home)">WindowOpen</animation>
			<animation effect="fade" time="500" condition="!Window.Previous(home)">WindowOpen</animation>
			<animation effect="fade" time="500">WindowClose</animation>
			<include>GlobalFanart</include>
			<include>SnowBackground</include>
			<control type="visualisation">
				<include>FullscreenDimensions</include>
				<visible>Player.HasAudio</visible>
				<visible>!Skin.HasSetting(Disable.ShowBackgroundVis)</visible>
				<visible>!Window.IsVisible(TVChannels) + !Window.IsVisible(RadioChannels) + !SlideShow.IsActive</visible>
				<visible>String.IsEmpty(Window(Videos).Property(PlayingBackgroundMedia))</visible>
			</control>
		</control>
		<control type="group">
			<visible>[Player.HasVideo + !Skin.HasSetting(Disable.ShowBackgroundVideo) + !SlideShow.IsActive]</visible>
			<control type="image">
				<include>FullscreenDimensions</include>
				<texture>black.png</texture>
			</control>
			<control type="videowindow">
				<include>FullscreenDimensions</include>
			</control>
		</control>
		<control type="group">
			<include>WindowOpenCloseAnimation</include>
			<top>64</top>
			<control type="image">
				<top>334</top>
				<width>100%</width>
				<height>820</height>
				<texture colordiffuse="$VAR[ThemeLabelColor]">floor.png</texture>
			</control>
			<control type="image">
				<left>55</left>
				<top>880</top>
				<width>400</width>
				<height>130</height>
				<texture>aeon-nox-logo.png</texture>
			</control>
			<include>SystemPanel</include>
			<control type="group">
				<visible>!Window.IsActive(script-skinshortcuts.xml)</visible>
				<control type="list" id="9000">
					<left>81</left>
					<top>32</top>
					<width>356</width>
					<height>810</height>
					<onleft>SetProperty(MediaMenu,True,Home)</onleft>
					<onleft>SetFocus(9050)</onleft>
					<onright>90000</onright>
					<onup>9000</onup>
					<ondown>9000</ondown>
					<scrolltime tween="quadratic" easing="out">200</scrolltime>
					<visible>!Window.IsActive(1140) + !Window.IsActive(1117)</visible>
					<include>SettingsFadeAnimation</include>
					<itemlayout height="81" width="356">
						<control type="label">
							<width>356</width>
							<height>81</height>
							<font>font15</font>
							<textoffsetx>20</textoffsetx>
							<textcolor>grey</textcolor>
							<label>$INFO[ListItem.Label]</label>
						</control>
					</itemlayout>
					<focusedlayout height="81" width="356">
						<control type="image">
							<width>356</width>
							<height>81</height>
							<texture colordiffuse="$VAR[HighlightBarColor]" border="4">listselect_fo.png</texture>
							<animation effect="fade" start="100" end="40" time="300" tween="sine" easing="inout" condition="!Control.HasFocus(9000)">Conditional</animation>
						</control>
						<control type="label">
							<width>356</width>
							<height>81</height>
							<font>font15</font>
							<textoffsetx>20</textoffsetx>
							<label>$INFO[ListItem.Label]</label>
						</control>
					</focusedlayout>
					<content>
						<item id="9">
							<label>31445</label>
							<icon />
						</item>
						<item id="1">
							<label>513</label>
							<icon />
						</item>
						<item id="6">
							<label>31365</label>
							<icon />
						</item>
						<item id="2">
							<label>16000</label>
							<icon />
						</item>
						<item id="4">
							<label>10038</label>
							<icon />
						</item>
						<item id="8">
							<label>31155</label>
							<icon />
						</item>
						<item id="3">
							<label>31014</label>
							<icon />
						</item>
						<item id="5">
							<label>SiLVO $LOCALIZE[31014]</label>
							<icon />
						</item>
						<item id="7">
							<label>10043</label>
							<icon />
						</item>
						<item id="10">
							<label>31569</label>
							<icon />
							<visible>System.AddonIsEnabled(script.xbmcbackup)</visible>
						</item>
					</content>
				</control>
				<control type="group" id="90000">
					<visible>!Window.IsActive(1140) + !Window.IsActive(1117)</visible>
					<include>SettingsFadeAnimation</include>
					<control type="grouplist" id="9009">
						<left>437</left>
						<top>32</top>
						<width>1401</width>
						<height>810</height>
						<onleft>9000</onleft>
						<visible>Container(9000).HasFocus(9)</visible>
						<control type="button" id="1000">
							<include>SettingsButtonCommonValues</include>
							<label>31911</label>
							<onclick>RunScript(script.skinshortcuts,type=manage&amp;group=mainmenu)</onclick>
						</control>
						<control type="button" id="1001">
							<include>SettingsButtonCommonValues</include>
							<label>31913</label>
							<label2>[COLOR $VAR[ThemeLabelColor]]$VAR[centermainmenuVar][/COLOR]</label2>
							<onclick>Skin.ToggleSetting(centermainmenu)</onclick>
							<visible>!String.IsEqual(Skin.String(MainMenu.Layout),vertical)</visible>
						</control>
						<control type="button" id="1002">
							<include>SettingsButtonCommonValues</include>
							<label>31928</label>
							<label2>[COLOR $VAR[ThemeLabelColor]]$VAR[MainMenuLayoutVar][/COLOR]</label2>
							<onclick>SetProperty(CustomSelectMainMenuLayout,True)</onclick>
							<onclick>ActivateWindow(1129)</onclick>
						</control>
						<control type="radiobutton" id="1003">
							<include>SettingsButtonCommonValues</include>
							<label>   - $LOCALIZE[31263]</label>
							<onclick>Skin.ToggleSetting(Disable.IconsMenuLabel)</onclick>
							<selected>Skin.HasSetting(Disable.IconsMenuLabel)</selected>
							<visible>String.IsEqual(Skin.String(MainMenu.Layout),icons)</visible>
						</control>
						<control type="button" id="1004">
							<include>SettingsButtonCommonValues</include>
							<label>$LOCALIZE[31603]</label>
							<label2>[COLOR $VAR[ThemeLabelColor]]$VAR[HomeMenuNavVar][/COLOR]</label2>
							<onclick>Skin.ToggleSetting(HomeMenuNavVar)</onclick>
						</control>
						<control type="radiobutton" id="1019">
							<include>SettingsButtonCommonValues</include>
							<label>$LOCALIZE[31588]</label>
							<onclick>Skin.ToggleSetting(HideSystemBars)</onclick>
							<selected>Skin.HasSetting(HideSystemBars)</selected>
						</control>
						<control type="radiobutton" id="1015">
							<include>SettingsButtonCommonValues</include>
							<label>$LOCALIZE[31436]</label>
							<onclick>Skin.ToggleSetting(CenteredInfoLine)</onclick>
							<selected>Skin.HasSetting(CenteredInfoLine)</selected>
							<visible>!String.IsEqual(Skin.String(MainMenu.Layout),vertical)</visible>
							<visible>!Skin.HasSetting(HideSystemBars)</visible>
						</control>
						<control type="button" id="1005">
							<include>SettingsButtonCommonValues</include>
							<label>$LOCALIZE[13305]</label>
							<label2>[COLOR $VAR[ThemeLabelColor]]$VAR[HorizontalRSSLabelOnclickVar][/COLOR]</label2>
							<onclick>$VAR[HorizontalRSSPositionOnclickVar]</onclick>
							<visible>System.GetBool(lookandfeel.enablerssfeeds) + !String.IsEqual(Skin.String(MainMenu.Layout),vertical)</visible>
							<visible>!Skin.HasSetting(HideSystemBars)</visible>
						</control>
						<control type="radiobutton" id="1008">
							<include>SettingsButtonCommonValues</include>
							<label>   - $LOCALIZE[31157]</label>
							<onclick>Skin.ToggleSetting(Enable.VisibleSubmenu)</onclick>
							<selected>Skin.HasSetting(Enable.VisibleSubmenu)</selected>
							<visible>[system.getbool(lookandfeel.enablerssfeeds) + !String.IsEqual(Skin.String(MainMenu.Layout),vertical) + !String.IsEmpty(Skin.String(HorizontalRSSPosition))]</visible>
						</control>
						<control type="radiobutton" id="1018">
							<include>SettingsButtonCommonValues</include>
							<label>$LOCALIZE[31498]</label>
							<onclick>Skin.ToggleSetting(SystemBarOnTop)</onclick>
							<selected>Skin.HasSetting(SystemBarOnTop)</selected>
							<visible>![System.GetBool(lookandfeel.enablerssfeeds) + String.IsEqual(Skin.String(HorizontalRSSPosition),high)]</visible>
							<visible>!String.IsEqual(Skin.String(MainMenu.Layout),vertical)</visible>
							<visible>!Skin.HasSetting(HideSystemBars)</visible>
						</control>
						<control type="button" id="1006">
							<include>SettingsButtonCommonValues</include>
							<label>$LOCALIZE[31220]</label>
							<label2>[COLOR $VAR[ThemeLabelColor]]$VAR[VerticalMenuRSSLabelVar][/COLOR]</label2>
							<onclick>$VAR[VerticalMenuRSSPositionVar]</onclick>
							<visible>system.getbool(lookandfeel.enablerssfeeds) + String.IsEqual(Skin.String(MainMenu.Layout),vertical)</visible>
							<visible>!Skin.HasSetting(HideSystemBars)</visible>
						</control>
						<control type="button" id="1007">
							<include>SettingsButtonCommonValues</include>
							<label>$LOCALIZE[31280]</label>
							<label2>[COLOR $VAR[ThemeLabelColor]]$VAR[VerticalMenuSystemBarPositionLabelVar][/COLOR]</label2>
							<onclick>$VAR[VerticalMenuSystemBarPositionVar]</onclick>
							<visible>String.IsEqual(Skin.String(MainMenu.Layout),vertical) + !system.getbool(lookandfeel.enablerssfeeds)</visible>
							<visible>!Skin.HasSetting(HideSystemBars)</visible>
						</control>
						<control type="radiobutton" id="1017">
							<include>SettingsButtonCommonValues</include>
							<label>$LOCALIZE[31157]</label>
							<onclick>Skin.ToggleSetting(Enable.VisibleSubmenu)</onclick>
							<selected>Skin.HasSetting(Enable.VisibleSubmenu)</selected>
							<visible>!String.IsEqual(Skin.String(MainMenu.Layout),vertical) + !system.getbool(lookandfeel.enablerssfeeds)</visible>
						</control>
						<control type="radiobutton" id="1010">
							<include>SettingsButtonCommonValues</include>
							<label>$LOCALIZE[31158]</label>
							<onclick>Skin.ToggleSetting(Disable.SearchButton)</onclick>
							<selected>Skin.HasSetting(Disable.SearchButton)</selected>
							<visible>System.AddonIsEnabled(script.globalsearch)</visible>
							<visible>!Skin.HasSetting(HideSystemBars)</visible>
						</control>
						<control type="button" id="1013">
							<include>SettingsButtonCommonValues</include>
							<label>31978</label>
							<onclick>RunScript(script.skinshortcuts,type=resetalls)</onclick>
							<onclick>Skin.SetString(highlightbarcolor,)</onclick>
							<onclick>Skin.SetString(focusedsubmenucolor,)</onclick>
							<onclick>Skin.SetString(themehomemenubarcolor,)</onclick>
							<onclick>Skin.SetString(unfocusedmainmenucolor,)</onclick>
							<onclick>Skin.SetString(themehomemenuglowbarcolor,)</onclick>
							 <onclick>Skin.SetString(themehomesystemglowbarscolor,)</onclick>
							<onclick>Skin.SetString(focusedmainmenucolor,)</onclick>
							<onclick>Skin.SetString(widgetbackgroundcolor,)</onclick>
							<onclick>Skin.SetString(themehomesystembarscolor,)</onclick>
							<onclick>Skin.SetString(themehomelabelcolor,)</onclick>
							<onclick>Skin.SetString(themelabelcolor,)</onclick>
							<onclick>Skin.SetString(widgethighlightbarcolor,)</onclick>
							<onclick>Skin.SetBool(Disable.SearchButton,true)</onclick>
							<!--<onclick>Skin.SetBool(systembarontop,)</onclick>
							<onclick>Skin.SetBool(enable.visiblesubmenu,)</onclick>-->
							<onclick>Skin.SetBool(preguntado_ajustes)</onclick><!--devuelve true !urgente-->
							<onclick>Skin.SetString(customdefaultbackground.path,special://skin/extras/backgrounds/fallback_movies.jpg)</onclick>
							<onclick>Skin.SetString(StartupIntro,special://skin/extras/intro.mp4)</onclick>
							
						    <!--<onclick>RunScript(script.skinshortcuts,type=resetall)</onclick>-->
						</control>
						<control type="button" id="1020">
							<include>SettingsButtonCommonValues</include>
							<label>Sombreado Rojo del Skin $INFO[System.AddonTitle(skin.aeon.nox.silvo)] $INFO[System.AddonVersion(skin.aeon.nox.silvo),,]</label>
							<onclick>Skin.SetString(highlightbarcolor,FFFF1744)</onclick>
							<onclick>Skin.SetString(focusedsubmenucolor,FFFFF700)</onclick>
							<onclick>Skin.SetString(themehomemenubarcolor,81000000)</onclick>
							<onclick>Skin.SetString(unfocusedmainmenucolor,FFC0C0C0)</onclick>
							<onclick>Skin.SetString(themehomemenuglowbarcolor,41000000)</onclick>
							 <onclick>Skin.SetString(themehomesystemglowbarscolor,00FFFFFF)</onclick>
							<onclick>Skin.SetString(focusedmainmenucolor,)</onclick>
							<onclick>Skin.SetString(widgetbackgroundcolor,)</onclick>
							<onclick>Skin.SetString(themehomesystembarscolor,41000000)</onclick>
							<onclick>Skin.SetString(themehomelabelcolor,FFFF1744)</onclick>
							<!--<onclick>Skin.SetString(themelabelcolor,FFFF1744)</onclick>-->
							<onclick>Skin.SetString(themelabelcolor,)</onclick>
							<onclick>Skin.SetString(widgethighlightbarcolor,)</onclick>
							<onclick>Skin.SetBool(preguntado_ajustes)</onclick><!--devuelve true !urgente-->
							<onclick>Skin.SetBool(Disable.SearchButton,false)</onclick>
							<onclick>Skin.SetBool(systembarontop,true)</onclick>
							<onclick>Skin.SetBool(enable.visiblesubmenu,true)</onclick>
							<onclick>Skin.SetString(customdefaultbackground.path,special://skin/extras/backgrounds/default_bg.jpg)</onclick>
							<onclick>Skin.SetString(StartupIntro,special://skin/extras/intro.mp4)</onclick>
							
						</control>
					<control type="button" id="1021">
							<include>SettingsButtonCommonValues</include>
							<label>Sombreado azul original $INFO[System.AddonTitle(skin.aeon.nox.silvo)] $INFO[System.AddonVersion(skin.aeon.nox.silvo),,]</label>
							<onclick>Skin.SetString(highlightbarcolor,)</onclick>
							<onclick>Skin.SetString(focusedsubmenucolor,)</onclick>
							<onclick>Skin.SetString(themehomemenubarcolor,81000000)</onclick>
							<onclick>Skin.SetString(unfocusedmainmenucolor,FFC0C0C0)</onclick>
							<onclick>Skin.SetString(themehomemenuglowbarcolor,41000000)</onclick>
							 <onclick>Skin.SetString(themehomesystemglowbarscolor,00FFFFFF)</onclick>
							<onclick>Skin.SetString(focusedmainmenucolor,)</onclick>
							<onclick>Skin.SetString(widgetbackgroundcolor,)</onclick>
							<onclick>Skin.SetString(themehomesystembarscolor,41000000)</onclick>
							<onclick>Skin.SetString(themehomelabelcolor,FFFFDF00)</onclick>
							<!--<onclick>Skin.SetString(themelabelcolor,FFFF1744)</onclick>-->
							<onclick>Skin.SetString(themelabelcolor,)</onclick>
							<onclick>Skin.SetString(widgethighlightbarcolor,)</onclick>
						    <onclick>Skin.SetBool(preguntado_ajustes)</onclick><!--devuelve true !urgente-->
							<onclick>Skin.SetBool(Disable.SearchButton,false)</onclick>
							<onclick>Skin.SetBool(systembarontop,true)</onclick>
							<onclick>Skin.SetBool(enable.visiblesubmenu,true)</onclick>
							<onclick>Skin.SetString(customdefaultbackground.path,special://skin/extras/backgrounds/default_bg.jpg)</onclick>
						    <!--<onclick>Skin.SetString(StartupIntro,special://skin/extras/intro.mp4)</onclick>
							<onclick>Skin.SetBool(StartupIntroTrue,true)</onclick>-->
						</control>
						<control type="button" id="1022">
							<include>SettingsButtonCommonValues</include>
							<label>[COLOR yellow]Actualizar lista de canales ahora[/COLOR] ( $INFO[System.AddonTitle(plugin.program.iptv.merge)] $INFO[System.AddonVersion(plugin.program.iptv.merge),,] )</label>
						    <!--<onclick condition="!System.HasAddon(plugin.program.iptv.merge)">ActivateWindow(1152)<onclick>-->
							<onclick condition="!System.HasAddon(plugin.program.iptv.merge)">InstallAddon(plugin.program.iptv.merge)</onclick>
							<onclick condition="!System.AddonIsEnabled(plugin.program.iptv.merge)+System.HasAddon(plugin.program.iptv.merge)">EnableAddon(plugin.program.iptv.merge)</onclick>
							<onclick>ActivateWindow(10001,&quot;plugin://plugin.program.iptv.merge/?_=merge&quot;,return)</onclick>
							<!--<onclick>RunAddon(&quot;plugin.program.iptv.merge&quot;)</onclick>-->
							<onclick>AlarmClock(Settings,ReplaceWindow(SkinSettings),00:01,silent)</onclick>
						</control>
					</control>
					<control type="grouplist" id="9001">
						<left>437</left>
						<top>32</top>
						<width>1401</width>
						<height>810</height>
						<onleft>9000</onleft>
						<visible>Container(9000).HasFocus(1)</visible>
						<control type="radiobutton" id="1009">
							<include>SettingsButtonCommonValues</include>
							<label>$LOCALIZE[31154]</label>
							<onclick>Skin.ToggleSetting(Enable.ArtistSlideshowOnHome)</onclick>
							<selected>Skin.HasSetting(Enable.ArtistSlideshowOnHome)</selected>
							<visible>System.AddonIsEnabled(script.artistslideshow)</visible>
						</control>
						<control type="radiobutton" id="1016">
							<include>SettingsButtonCommonValues</include>
							<label>$LOCALIZE[31446]</label>
							<onclick>Skin.ToggleSetting(Home.Hide)</onclick>
							<selected>Skin.HasSetting(Home.Hide)</selected>
						</control>
						<control type="radiobutton" id="1014">
							<include>SettingsButtonCommonValues</include>
							<label>$LOCALIZE[31343]</label>
							<onclick>Skin.ToggleSetting(Disable.FanartTitle)</onclick>
							<selected>!Skin.HasSetting(Disable.FanartTitle)</selected>
						</control>
						<control type="radiobutton" id="1011">
							<include>SettingsButtonCommonValues</include>
							<label>20083</label>
							<onclick>Skin.ToggleSetting(Disable.Musicinfo)</onclick>
							<selected>!Skin.HasSetting(Disable.Musicinfo)</selected>
						</control>
						<control type="radiobutton" id="1012">
							<include>SettingsButtonCommonValues</include>
							<label>20176</label>
							<onclick>Skin.ToggleSetting(Disable.Videoinfo)</onclick>
							<selected>!Skin.HasSetting(Disable.Videoinfo)</selected>
						</control>
					</control>
					<control type="grouplist" id="9002">
						<left>437</left>
						<top>32</top>
						<width>1401</width>
						<height>810</height>
						<onleft>9000</onleft>
						<visible>Container(9000).HasFocus(2)</visible>
						<control type="radiobutton" id="20003">
							<include>SettingsButtonCommonValues</include>
							<label>$LOCALIZE[31469]</label>
							<onclick>Skin.ToggleSetting(Disable.TopBar)</onclick>
							<selected>Skin.HasSetting(Disable.TopBar)</selected>
						</control>
						<control type="button" id="20004">
							<include>SettingsButtonCommonValues</include>
							<label>31371</label>
							<label2>[COLOR $VAR[ThemeLabelColor]]$VAR[ViewPlotLocalizeVar][/COLOR]</label2>
							<onclick>Skin.ToggleSetting(ViewInfoPlotToggle)</onclick>
						</control>
						<control type="button" id="20009">
							<include>SettingsButtonCommonValues</include>
							<label>$LOCALIZE[31574]</label>
							<label2>[COLOR $VAR[ThemeLabelColor]]$VAR[ViewSetPlotLocalizeVar][/COLOR]</label2>
							<onclick>Skin.ToggleSetting(ViewSetPlotToggle)</onclick>
							<visible>System.AddonIsEnabled(script.skin.info.service)</visible>
						</control>
						<control type="radiobutton" id="20000">
							<include>SettingsButtonCommonValues</include>
							<label>20189</label>
							<onclick>Skin.ToggleSetting(Enable.AutoScroll)</onclick>
							<selected>Skin.HasSetting(Enable.AutoScroll)</selected>
						</control>
						<control type="radiobutton" id="20001">
							<include>SettingsButtonCommonValues</include>
							<label>31124</label>
							<onclick>Skin.ToggleSetting(Disable.ShowBackgroundVideo)</onclick>
							<selected>!Skin.HasSetting(Disable.ShowBackgroundVideo)</selected>
						</control>
						<control type="radiobutton" id="20002">
							<include>SettingsButtonCommonValues</include>
							<label>31125</label>
							<onclick>Skin.ToggleSetting(Disable.ShowBackgroundVis)</onclick>
							<selected>!Skin.HasSetting(Disable.ShowBackgroundVis)</selected>
						</control>
						<control type="radiobutton" id="20005">
							<include>SettingsButtonCommonValues</include>
							<label>$LOCALIZE[31291]</label>
							<onclick>Skin.ToggleSetting(Disable.ScrollLabel)</onclick>
							<selected>Skin.HasSetting(Disable.ScrollLabel)</selected>
						</control>
						<control type="button" id="20007">
							<include>SettingsButtonCommonValues</include>
							<label>$LOCALIZE[31192]</label>
							<label2>[COLOR $VAR[ThemeLabelColor]]$INFO[Skin.String(CustomDefaultBackground.path)][/COLOR]</label2>
							<onclick>SetProperty(CustomSelectDefaultBackground,True,Home)</onclick>
							<onclick>ActivateWindow(1129)</onclick>
						</control>
						<control type="radiobutton" id="20008">
							<include>SettingsButtonCommonValues</include>
							<label>$LOCALIZE[31218]</label>
							<onclick>Skin.ToggleSetting(MusicDiscFallback.Vinyl)</onclick>
							<selected>Skin.HasSetting(MusicDiscFallback.Vinyl)</selected>
						</control>
					</control>
					<control type="grouplist" id="9003">
						<left>437</left>
						<top>32</top>
						<width>1401</width>
						<height>810</height>
						<onleft>9000</onleft>
						<visible>Container(9000).HasFocus(3)</visible>
						<control type="radiobutton" id="3007">
							<include>SettingsButtonCommonValues</include>
							<label>$LOCALIZE[31282]</label>
							<onclick>Skin.ToggleSetting(Enable.StartupIntro)</onclick>
							<selected>Skin.HasSetting(Enable.StartupIntro)</selected>
						</control>
						<control type="radiobutton" id="3005">
							<include>SettingsButtonCommonValues</include>
							<label>31083</label>
							<onclick>Skin.ToggleSetting(Disable.NextAired)</onclick>
							<selected>!Skin.HasSetting(Disable.NextAired)</selected>
							<visible>System.AddonIsEnabled(plugin.video.themoviedb.helper)</visible>
						</control>
						<control type="radiobutton" id="3009">
							<include>SettingsButtonCommonValues</include>
							<label>$LOCALIZE[31486]</label>
							<onclick>Skin.ToggleSetting(Disable.VideoLyrics)</onclick>
							<selected>!Skin.HasSetting(Disable.VideoLyrics)</selected>
							<visible>System.AddonIsEnabled(script.cu.lrclyrics)</visible>
						</control>
						<control type="radiobutton" id="3004">
							<include>SettingsButtonCommonValues</include>
							<label>$LOCALIZE[31121]</label>
							<onclick condition="!System.HasAddon(plugin.program.autocompletion)">InstallAddon(plugin.program.autocompletion)</onclick>
							<onclick condition="System.HasAddon(plugin.program.autocompletion)">Skin.ToggleSetting(Enable.Autocomplete)</onclick>
							<selected>Skin.HasSetting(Enable.Autocomplete)</selected>
						</control>
						<control type="button" id="3008">
							<include>SettingsButtonCommonValues</include>
							<label>   - $LOCALIZE[5]</label>
							<onclick>Addon.OpenSettings(plugin.program.autocompletion)</onclick>
							<visible>Skin.HasSetting(Enable.Autocomplete) + System.AddonIsEnabled(plugin.program.autocompletion)</visible>
						</control>
						<control type="button" id="3000">
							<include>SettingsButtonCommonValues</include>
							<label>31015</label>
							<label2>[COLOR $VAR[ThemeLabelColor]]$INFO[Skin.String(VideoGenreFanartPath)][/COLOR]</label2>
							<onclick>Skin.SetPath(VideoGenreFanartPath)</onclick>
						</control>
						<control type="button" id="3002">
							<include>SettingsButtonCommonValues</include>
							<label>   - $LOCALIZE[13007]</label>
							<onclick>Skin.Reset(VideoGenreFanartPath)</onclick>
							<visible>!String.IsEmpty(Skin.String(VideoGenreFanartPath))</visible>
						</control>
						<control type="button" id="3010">
							<include>SettingsButtonCommonValues</include>
							<label>$LOCALIZE[31563]</label>
							<label2>[COLOR $VAR[ThemeLabelColor]]$VAR[MusicGenreIconsPathLabelVar][/COLOR]</label2>
							<onclick>Skin.Reset(musicgenreicons.path)</onclick>
							<onclick>Skin.Reset(MusicGenreIconPath)</onclick>
							<onclick>SetProperty(CustomSelectMusicGenreIconPath,True,Home)</onclick>
							<onclick>ActivateWindow(1129)</onclick>
						</control>
						<control type="button" id="3001">
							<include>SettingsButtonCommonValues</include>
							<label>31017</label>
							<label2>[COLOR $VAR[ThemeLabelColor]]$INFO[Skin.String(MusicGenreFanartPath)][/COLOR]</label2>
							<onclick>Skin.SetPath(MusicGenreFanartPath)</onclick>
						</control>
						<control type="button" id="3003">
							<include>SettingsButtonCommonValues</include>
							<label>   - $LOCALIZE[13007]</label>
							<onclick>Skin.Reset(MusicGenreFanartPath)</onclick>
							<visible>!String.IsEmpty(Skin.String(MusicGenreFanartPath))</visible>
						</control>
						<control type="button" id="3006">
							<include>SettingsButtonCommonValues</include>
							<label>$LOCALIZE[31573]</label>
							<label2>$VAR[SeasonsBackgroundLabelVar]</label2>
							<onclick>$VAR[SeasonsBackgroundOnclickVar]</onclick>
						</control>
					</control>
					<control type="grouplist" id="9004">
						<left>437</left>
						<top>32</top>
						<width>1401</width>
						<height>810</height>
						<onleft>9000</onleft>
						<visible>Container(9000).HasFocus(4)</visible>
						<control type="button" id="4001">
							<include>SettingsButtonCommonValues</include>
							<label>31939</label>
							<label2>[COLOR $VAR[ThemeLabelColor]]$VAR[InfoPanelDelayLocalizeVar][/COLOR]</label2>
							<onclick condition="Skin.HasSetting(Enable.ManualInfoPanel)">Skin.Reset(Enable.ManualInfoPanel)</onclick>
							<onclick>$VAR[InfoPanelDelayOnClickVar]</onclick>
						</control>
						<control type="radiobutton" id="4002">
							<include>SettingsButtonCommonValues</include>
							<label>31941</label>
							<onclick>SetProperty(OfferReloadAfterConfirm,True,Home)</onclick>
							<onclick>ActivateWindow(1126)</onclick>
							<selected>Skin.HasSetting(KioskMode.Enabled)</selected>
						</control>
						<control type="radiobutton" id="4003">
							<include>SettingsButtonCommonValues</include>
							<label>$LOCALIZE[31587]</label>
							<onclick>Skin.ToggleSetting(Disable.MultiSearch)</onclick>
							<selected>Skin.HasSetting(Disable.MultiSearch)</selected>
						</control>
						<control type="button" id="4004">
							<include>SettingsButtonCommonValues</include>
							<label>31943</label>
							<onclick>ActivateWindow(1127)</onclick>
						</control>
						<control type="button" id="4005">
							<include>SettingsButtonCommonValues</include>
							<label>31094</label>
							<label2>[COLOR $VAR[ThemeLabelColor]]$VAR[SlimListSettingVar][/COLOR]</label2>
							<onclick>Skin.ToggleSetting(Enable.SlimList)</onclick>
						</control>
						<control type="radiobutton" id="4006">
							<include>SettingsButtonCommonValues</include>
							<label>31961</label>
							<onclick>Skin.ToggleSetting(Enable.HideRatings)</onclick>
							<selected>Skin.HasSetting(Enable.HideRatings)</selected>
						</control>
						<control type="radiobutton" id="4010">
							<include>SettingsButtonCommonValues</include>
							<label>$LOCALIZE[31283]</label>
							<onclick>Skin.ToggleSetting(Enable.AutoOpenMediaMenuOnMouseOver)</onclick>
							<selected>Skin.HasSetting(Enable.AutoOpenMediaMenuOnMouseOver)</selected>
							<visible>system.getbool(input.enablemouse)</visible>
						</control>
					</control>
					<control type="grouplist" id="9005">
						<left>437</left>
						<top>32</top>
						<width>1401</width>
						<height>810</height>
						<onleft>9000</onleft>
						<visible>Container(9000).HasFocus(5)</visible>
						<control type="radiobutton" id="5000">
							<include>SettingsButtonCommonValues</include>
							<onclick>Skin.ToggleSetting(Enable.AnimatedBackgrounds)</onclick>
							<selected>Skin.HasSetting(Enable.AnimatedBackgrounds)</selected>
							<label>$LOCALIZE[31989]</label>
						</control>
						<control type="button" id="5001">
							<include>SettingsButtonCommonValues</include>
							<label>$LOCALIZE[31260]</label>
							<label2>[COLOR $VAR[ThemeLabelColor]]$VAR[FanartTimePerImageLabelVar][/COLOR]</label2>
							<onclick>SetProperty(CustomSelectFanartTimePerImage,True)</onclick>
							<onclick>ActivateWindow(1129)</onclick>
						</control>
						<control type="button" id="5002">
							<include>SettingsButtonCommonValues</include>
							<label>$LOCALIZE[31219]</label>
							<label2>[COLOR $VAR[ThemeLabelColor]]$VAR[LanguageFlagsLabelVar][/COLOR]</label2>
							<onclick>SetProperty(CustomSelectLanguageFlags,True)</onclick>
							<onclick>ActivateWindow(1129)</onclick>
						</control>
						<control type="radiobutton" id="5009">
							<include>SettingsButtonCommonValues</include>
							<onclick>Skin.ToggleSetting(Enable.Set.LiveBackground)</onclick>
							<selected>Skin.HasSetting(Enable.Set.LiveBackground)</selected>
							<label>$LOCALIZE[31164]</label>
						</control>
						<control type="radiobutton" id="5014">
							<include>SettingsButtonCommonValues</include>
							<onclick>Skin.ToggleSetting(Enable.HourMinuteDuration)</onclick>
							<selected>Skin.HasSetting(Enable.HourMinuteDuration)</selected>
							<label>$LOCALIZE[31194]</label>
						</control>
						<control type="radiobutton" id="5004">
							<include>SettingsButtonCommonValues</include>
							<label>$LOCALIZE[31975]</label>
							<onclick condition="System.HasAddon(resource.images.studios.coloured)">Skin.ToggleSetting(coloredflags)</onclick>
							<onclick condition="!System.HasAddon(resource.images.studios.coloured)">InstallAddon(resource.images.studios.coloured)</onclick>
							<selected>Skin.HasSetting(coloredflags)</selected>
						</control>
						<control type="radiobutton" id="5015">
							<include>SettingsButtonCommonValues</include>
							<label>$LOCALIZE[31191]</label>
							<onclick>Skin.ToggleSetting(Enable.CasesLiveBG)</onclick>
							<selected>Skin.HasSetting(Enable.CasesLiveBG)</selected>
						</control>
						<control type="button" id="5006">
							<include>SettingsButtonCommonValues</include>
							<label>$LOCALIZE[31974]</label>
							<onclick>Skin.ToggleSetting(useclearcases)</onclick>
							<label2>[COLOR $VAR[ThemeLabelColor]]$VAR[SelectCaseVar][/COLOR]</label2>
						</control>
					</control>
					<control type="grouplist" id="9006">
						<left>437</left>
						<top>32</top>
						<width>1401</width>
						<height>810</height>
						<onleft>9000</onleft>
						<visible>Container(9000).HasFocus(6)</visible>
						<control type="button" id="6000">
							<include>SettingsButtonCommonValues</include>
							<label>31911</label>
							<onclick>RunScript(script.skinshortcuts,type=manage&amp;group=mainmenu)</onclick>
						</control>
						<control type="button" id="6001">
							<include>SettingsButtonCommonValues</include>
							<label>$LOCALIZE[31281]</label>
							<onclick>ActivateWindow(1140)</onclick>
						</control>
						<control type="button" id="6002">
							<include>SettingsButtonCommonValues</include>
							<label>$LOCALIZE[31375]</label>
							<onclick>ActivateWindow(1115)</onclick>
						</control>
						<control type="button" id="6003">
							<include>SettingsButtonCommonValues</include>
							<label>$LOCALIZE[31376]</label>
							<onclick>ActivateWindow(1120)</onclick>
						</control>
						<control type="button" id="6004">
							<include>SettingsButtonCommonValues</include>
							<label>$LOCALIZE[31465]</label>
							<onclick>ActivateWindow(1114)</onclick>
						</control>
						<control type="button" id="6005">
							<include>SettingsButtonCommonValues</include>
							<label>$LOCALIZE[31502]</label>
							<onclick>ActivateWindow(1150)</onclick>
						</control>
						<control type="image" id="6010">
							<width>1401</width>
							<height>1</height>
							<texture colordiffuse="$VAR[ThemeLabelColor]">separator_horizontal.png</texture>
						</control>
						<control type="button" id="6007">
							<include>SettingsButtonCommonValues</include>
							<label>$LOCALIZE[31470]</label>
							<label2>[COLOR $VAR[ThemeLabelColor]]$INFO[Skin.String(weatherfanart.name)][/COLOR]</label2>
							<onclick condition="!System.HasAddon(script.image.resource.select)">InstallAddon(script.image.resource.select)</onclick>
							<onclick condition="System.HasAddon(script.image.resource.select)">RunScript(script.image.resource.select,property=weatherfanart&amp;type=resource.images.weatherfanart)</onclick>
						</control>
						<control type="button" id="6008">
							<include>SettingsButtonCommonValues</include>
							<label>$LOCALIZE[31471]</label>
							<label2>[COLOR $VAR[ThemeLabelColor]]$INFO[Skin.String(weathericons.name)][/COLOR]</label2>
							<onclick condition="!System.HasAddon(script.image.resource.select)">InstallAddon(script.image.resource.select)</onclick>
							<onclick condition="System.HasAddon(script.image.resource.select)">RunScript(script.image.resource.select,property=weathericons&amp;type=resource.images.weathericons)</onclick>
						</control>
					</control>
					<control type="grouplist" id="9008">
						<left>437</left>
						<top>32</top>
						<width>1401</width>
						<height>810</height>
						<onleft>9000</onleft>
						<visible>Container(9000).HasFocus(8)</visible>
						<control type="button" id="8001">
							<label>31736</label>
							<label2>[COLOR $VAR[ThemeLabelColor]]$VAR[WidgetTransLabelVar]%[/COLOR]</label2>
							<onclick>SetProperty(CustomSelectWidgetOpacity,True)</onclick>
							<onclick>ActivateWindow(1129)</onclick>
							<include>SettingsButtonCommonValues</include>
						</control>
						<control type="radiobutton" id="8002">
							<label>31737</label>
							<onclick>Skin.ToggleSetting(Enable.GlobalWidgetBack)</onclick>
							<selected>Skin.HasSetting(Enable.GlobalWidgetBack)</selected>
							<include>SettingsButtonCommonValues</include>
						</control>
						<control type="button" id="8003">
							<label>   - $LOCALIZE[31702]</label>
							<label2>[COLOR $VAR[ThemeLabelColor]]$VAR[WidgetBackLabelVar][/COLOR]</label2>
							<visible>Skin.HasSetting(Enable.GlobalWidgetBack)</visible>
							<onclick>SetProperty(CustomSelectWidgetBack,True)</onclick>
							<onclick>ActivateWindow(1129)</onclick>
							<include>SettingsButtonCommonValues</include>
						</control>
						<control type="radiobutton" id="8004">
							<label>31738</label>
							<onclick>Skin.ToggleSetting(Enable.ListWidgetAutoscroll)</onclick>
							<selected>Skin.HasSetting(Enable.ListWidgetAutoscroll)</selected>
							<include>SettingsButtonCommonValues</include>
						</control>
						<control type="button" id="8006">
							<label>31740</label>
							<label2>[COLOR $VAR[ThemeLabelColor]]$VAR[WidgetCaseInfoVar][/COLOR]</label2>
							<onclick>SetProperty(CustomSelectWidgetCaseInfo,True)</onclick>
							<onclick>ActivateWindow(1129)</onclick>
							<include>SettingsButtonCommonValues</include>
						</control>
					</control>
					<control type="grouplist" id="9007">
						<left>437</left>
						<top>25</top>
						<width>1401</width>
						<height>900</height>
						<onleft>9000</onleft>
						<visible>Container(9000).HasFocus(7)</visible>
						<usecontrolcoords>true</usecontrolcoords>
						<control type="image" id="7000">
							<left>404</left>
							<top>-10</top>
							<width>560</width>
							<height>182</height>
							<texture>aeon-nox-logo.png</texture>
						</control>
						<control type="label" id="7001">
							<top>-20</top>
							<width>1401</width>
							<height>30</height>
							<align>center</align>
							<textcolor>grey</textcolor>
							<font>font_skinversion</font>
							<label>$INFO[System.AddonVersion(skin.aeon.nox.silvo),v,]</label>
						</control>
						<control type="group" id="7900">
							<height>148</height>
							<control type="image" id="7002">
								<left>300</left>
								<width>300</width>
								<height>115</height>
								<texture colordiffuse="grey">xbmc-logo.png</texture>
							</control>
							<control type="image" id="7020">
								<left>800</left>
								<width>300</width>
								<height>115</height>
								<aspectratio>keep</aspectratio>
								<texture colordiffuse="grey">libreelec/logo.png</texture>
								<visible>System.HasAddon(service.libreelec.settings) | !System.HasAddon(service.coreelec.settings)</visible>
							</control>
							<control type="image" id="7021">
								<left>800</left>
								<width>300</width>
								<height>115</height>
								<aspectratio>keep</aspectratio>
								<texture colordiffuse="grey">coreelec/logo.png</texture>
								<visible>System.HasAddon(service.coreelec.settings)</visible>
							</control>
						</control>
						<control type="label" id="7003">
							<top>-35</top>
							<width>1401</width>
							<height>97</height>
							<textoffsetx>30</textoffsetx>
							<align>center</align>
							<textcolor>grey</textcolor>
							<font>font_kodiversion</font>
							<label>$VAR[KodiVersionLabelVar]</label>
						</control>
						<control type="image" id="7004">
							<top>-2</top>
							<width>1401</width>
							<height>2</height>
							<texture colordiffuse="$VAR[ThemeLabelColor]">separator_horizontal.png</texture>
						</control>
						<control type="button" id="7005">
							<include>SettingsButtonCommonValues</include>
							<align>center</align>
							<label>$LOCALIZE[31337]</label>
							<onclick>ActivateWindow(1117)</onclick>
						</control>
						<control type="button" id="7006">
							<include>SettingsButtonCommonValues</include>
							<align>center</align>
							<label>$LOCALIZE[31338]</label>
							<onclick>ToggleDebug</onclick>
						</control>
						<control type="button" id="7007">
							<include>SettingsButtonCommonValues</include>
							<align>center</align>
							<label>$LOCALIZE[31339]</label>
							<onclick>Skin.ToggleDebug</onclick>
						</control>
						<control type="button" id="7008">
							<include>SettingsButtonCommonValues</include>
							<align>center</align>
							<label>$LOCALIZE[31403]</label>
							<onclick>SetProperty(ResetSkinSettings,True,Home)</onclick>
							<onclick>ActivateWindow(1126)</onclick>
						</control>
						<control type="button" id="7009">
							<include>SettingsButtonCommonValues</include>
							<align>center</align>
							<label>FAQ</label>
							<onclick>SetProperty(FAQ,True)</onclick>
							<onclick>SetProperty(TextViewerHeader,[B]FAQ[/B],Home)</onclick>
							<onclick>ActivateWindow(1112)</onclick>
						</control>
					</control>
					<control type="grouplist" id="9010">
						<left>437</left>
						<top>32</top>
						<width>1401</width>
						<height>810</height>
						<onleft>9000</onleft>
						<visible>Container(9000).HasFocus(10)</visible>
						<control type="button" id="10001">
							<include>SettingsButtonCommonValues</include>
							<label>$LOCALIZE[31565]</label>
							<onclick>RunScript(script.xbmcbackup,mode=backup)</onclick>
						</control>
						<control type="button" id="10002">
							<include>SettingsButtonCommonValues</include>
							<label>$LOCALIZE[31566]</label>
							<onclick>RunScript(script.xbmcbackup,mode=restore)</onclick>
						</control>
						<control type="button" id="10003">
							<include>SettingsButtonCommonValues</include>
							<label>$LOCALIZE[31568]</label>
							<onclick>Addon.OpenSettings(script.xbmcbackup)</onclick>
						</control>
					</control>
				</control>
				<control type="textbox">
					<include>SettingsTextboxValues</include>
					<label>$VAR[SkinSettingsDescriptionVar]</label>
					<autoscroll time="3000" delay="4000" repeat="5000">true</autoscroll>
					<animation effect="fade" start="0" end="100" time="300" tween="sine" easing="inout">Visible</animation>
					<animation effect="fade" start="100" end="0" time="0" tween="sine" easing="inout">Hidden</animation>
					<visible>ControlGroup(90000).HasFocus() + !Window.IsActive(1140) + !Window.IsActive(1117)</visible>
				</control>
			</control>
		</control>
		<include>Topbar</include>
		<control type="group">
			<left>-440</left>
			<include>SideBladeLeft</include>
			<control type="grouplist" id="9050">
				<include>NoMediaMenu</include>
			</control>
			<include>MediaMenuPlayerControls</include>
		</control>
	</controls>
</window>